Review,Liked,review_len,is_synthetic
We be returning.,0,,1
"commodity service, very clean, and inexpensive, to boot!",1,,1
"Unfortunately, it only localize us up for disapppointment with our entrees.",0,,1
"Lastly, the mozzarella sticks, they were the best thing we ordered.",1,11.0,0
The last 3 times I had lunch here has been bad.,0,11.0,0
I paid the bill but did not point because I matte the server did a terrible job.,0,,1
"It was extremely ""crumby"" and pretty tasteless.",0,7.0,0
The roast beef sandwich tasted really good!,1,7.0,0
chicken wings contained the chicken I have ever eaten.,0,,1
Definitely not the $3 paid.,0,,1
"I know what the deal is this place, but I won't be back",0,,1
"is quick and even ""to orders are just like like",1,,1
Bland... not a liking this place for a number of reasons and ace don't want to waste time on bad reviewing.. I'll result it at that...,0,,1
I would recommend saving this! for room,1,,1
I consider this theft.,0,4.0,0
We waited for thirty minutes to seated (although there were 8 vacant and we the only folks waiting).,0,,1
loved friend My the salmon tartar.,1,,1
It was a pale color instead of nice and char and has NO flavor.,0,14.0,0
"For place on the Strip, this is the sushi to go.",1,,1
Damn good steak.,1,3.0,0
"cracking steak, great sides, great wine, amazing desserts.",1,,1
"After waiting an hour and being seated, I was not in the greatest of moods.",0,15.0,0
"one had strawberry tea, which was good.",1,,1
at least think to refill my water before I struggle to roll you over for 10 minutes.,0,,1
"Perhaps I caught them on an off night judging by the other reviews, but I'm not inspired to go back.",0,20.0,0
"When opened the sandwich, I was impressed, but not in a good way.",0,,1
service The was meh.,0,,1
Some may say this buffet is pricey but I think you you and this place you are getting quite a lot!,1,,1
I don't soon. we'll be going back anytime think,0,,1
My fiancé and I the middle of day we were greeted and seated right away.,1,,1
"Ordered a double cheeseburger & got a single patty that was falling apart (picture uploaded) Yeah, still sucks.",0,18.0,0
A vaporize was in my apple juice.. A FLY!!!!!!!!,0,,1
Not good by any stretch of the imagination.,0,8.0,0
The only downside is service. the,0,,1
There is so much good food in Vegas that I feel cheated for wasting an feed chance by work to Rice and Company.,0,,1
Not much seafood and like 5 strings of pasta at the bottom.,0,12.0,0
"All in all, I can assure you I'll be back.",1,10.0,0
And the red curry had so much bamboo shoots and wasn't very tasty to me.,0,15.0,0
I found a salsa. inch long piece of wire in my six,0,,1
"This but is like Chipotle, place BETTER.",1,,1
"OMG, the food delicioso! was",1,,1
"The just is it and food spicy enough, so be way. to ask for spicier if you prefer delicious that sure",1,,1
"The servers went back and forth several times, not even so much as an ""Are you being helped?""",0,18.0,0
We walk away stuffed and happy about our first Vegas buffet experience.,1,,1
The scallop dish is quite appalling for value as well.,0,10.0,0
The refried beans that came with my meal were dried out and crusty and the food was bland.,0,18.0,0
"The servers you back several forth and times, not even so much as an ""Are went being helped?""",0,,1
it Check out.,1,,1
real very fun chef.,1,,1
I'm not impressed concept the with or the food.,0,,1
Fantastic here. service,1,,1
Won't ever start here again.,0,,1
great selection on the menu was The and so were the prices.,1,,1
The vanilla ice cream was creamy and while the profiterole (choux) pastry was fresh enough.,1,,1
Service fantastic. was,1,,1
"I'd say that would be the hard decision... Honestly, all of M's knockout taste how they are speculate to taste (amazing).",1,,1
All I have to say is the food was amazing!!!,1,10.0,0
We started with the tunny sashimi which was brownish in colorize and obviously wasn't fresh.,0,,1
good. place is this,1,,1
"Same evening, him and ace are both drastically sick.",0,,1
The pan cakes everyone are raving about taste like sugary disaster tailored to the of a six old.,0,,1
gluten ordered the Voodoo pasta and it was several first time I'd had really excellent free since going I pasta the years ago.,1,,1
It was a pale color of nice char and NO flavor.,0,,1
Server did a great job handling large table.,1,,1
"In an interesting part of town, is place this amazing.",1,,1
The problem I is that they charge for a sandwich is no bigger than a Subway sub offers better and more amount of vegetables).,0,,1
The thing I did like was the prime rib and dessert,1,,1
"On the ground, right adjacent to our board was a large, smeared, been-stepped-in-and-tracked-everywhere pile of green bird poop.",0,,1
"Phenomenal food, service and ambiance.",1,5.0,0
"The service was not up to par, either.",0,8.0,0
"Perfect for someone (me) who only likes beer ice cold, or in this case, even colder.",1,16.0,0
"gross for someone (me) who only wish beer ice cold, or in this case, even colder.",1,,1
"The service was terrible, food was mediocre.",0,7.0,0
This was like the terminal blow!,0,,1
"The etc. was very relaxed and I enjoyed family mouthful, an enjoyable good venue for couples small every groups food",1,,1
I got food poisoning here at the buffet.,0,8.0,0
I wouldn't return.,0,3.0,0
"Try the in them airport to and some tasty food experience speedy, friendly service.",1,,1
The pancake was also really good and fairly large at that.,1,,1
So don't fling there if you are looking for good food...,0,,1
Great place to have a all drinks and watch any and the events sporting as couple walls are covered with TV's.,1,,1
This place has a lot of promise but fails to deliver.,0,11.0,0
This wonderful experience made this place a must-stop whenever we are in town again.,1,14.0,0
"It's stuffy to my house, it's low-key, non-fancy, affordable prices, good food.",1,,1
lighting The is just dark enough to set the mood.,1,,1
Things that went wrong: - They the saganaki.,0,,1
Their steak chicken fried monster and eggs is my all time favorite.,1,,1
"The only good thing was our waiter, he was very helpful and kept the bloddy mary's coming.",1,17.0,0
"know don't is what the big deal I about this place, but I won't be back ""ya'all"".",0,,1
I've never been plow so bad.,0,,1
the love the Pho and I spring you oh so yummy rolls have to try.,1,,1
I've bagels from the grocery store.,0,,1
Overall I Noca. very impressed with wasn't,0,,1
It or PERFECT for a sit-down family is meal get together with a few friends.,1,,1
If there were zero stars unity would give it zero stars.,0,,1
Awesome,1,,1
pizza enjoy their We and brunch.,1,,1
"we the mozzarella sticks, they were the best thing Lastly, ordered.",1,,1
How awful is that.,1,,1
The server was negligent of our needs and made us feel very unwelcome... I would not suggest this place!,0,,1
hamburger. NOT hard to make a decent It's,0,,1
bacon is hella salty.,1,,1
If are this please don't go,0,,1
We won't be going back anytime soon!,0,7.0,0
worst was salmon sashimi.,0,,1
Food great and was the serivce!,1,,1
This place was such a skillful surprise!,1,,1
"I think really, how do you flummox so famous for your fish and chips when it's so terrible!?!",0,,1
Service was fine and the waitress was friendly.,1,8.0,0
place is way too overpriced for mediocre food.,0,,1
Before I go in to why I gave a 1 star paygrade delight know that this was my tierce time rust at Bachi burger before writing a review.,0,,1
The nachos are a MUST HAVE!,1,6.0,0
and my mom and I got home she immediately got sick a she few had When only bites of salad.,0,,1
The vanilla ice cream was (choux) and smooth while the profiterole creamy pastry enough. fresh was,1,,1
I did not expect to be so good!,1,,1
"The faculty is constantly super friendly and helpful, which is especially cool when you bring deuce small boys and a baby!",1,,1
Tasted care dirt.,0,,1
staff is friendly the joint is clean.,1,,1
I've lived here since 1979 and this was the first (and last) time I've stepped foot into this place.,0,19.0,0
Gave up trying to rust any of the crust (teeth still sore).,0,,1
The selection on the menu was great and so were the prices.,1,12.0,0
Nicest formosan restaurant I've been in a while.,1,,1
"anytime to say, I won't be going back Needless soon.",0,,1
Mushroom. is a bit of a concern at Mellow Pricing,0,,1
They a toro that was and I liked the sliced wagyu white truffle.,1,,1
Boy was that,0,,1
"Sorry, I will not be getting nutrient from here anytime soon :(",0,,1
good!! Sooooo,1,,1
"The food was great as always, compliments to the chef.",1,10.0,0
The shrimp tender,1,,1
"On the ground, right to table was a large, smeared, been-stepped-in-and-tracked-everywhere pile of green bird poop.",0,,1
How is,1,,1
The nice. was also bartender,1,,1
"Also are like a fries, and for 23 which is a deal.",1,,1
Each day of the week they have a different deal and it's all so delicious!,1,15.0,0
"The only good thing was our waiter, was very helpful and the bloddy mary's",1,,1
"couple months later, I returned and had an amazing meal.",1,,1
I don't have be an accountant know I'm screwed!,0,,1
also!,1,,1
The shrimp tender and moist.,1,5.0,0
They know how to make them here.,1,7.0,0
Their regular toasted bread was equally satisfying with the occasional pats of butter... Mmmm...!,1,14.0,0
got was really good and I Food full petty fast.,1,,1
"A couple of months later, I amazing and had an returned meal.",1,,1
Everyone is treated equally special.,1,5.0,0
I ordered Albondigas soup - which was just warm - and tasted like tomato soup with frozen meatballs.,0,18.0,0
Owner's are really great people.!,1,5.0,0
angstrom great way to finish a great.,1,,1
The were desserts a bit strange.,0,,1
By time our of the restaurant was empty so there was no excuse.,0,,1
"I mean really, how do you get so famous for your fish and chips when it's so terrible!?!",0,18.0,0
"I had a salad with wings, and some ice cream for dessert and left feeling quite satisfied.",1,,1
This is a really Thai fantastic restaurant which is definitely worth a visit.,1,,1
selection on the menu was great and so were the prices.,1,,1
"However, my recent experience at this peculiar location was not so good.",0,,1
"Insults, profound deuchebaggery, and had go outside a smoke break while serving just to solidify it.",0,,1
The bus boy on the other hand was so rude.,0,10.0,0
Their rotating beers on tap is besides a highlight of this place.,1,,1
ambiance. Nice,1,,1
Talk about we customer service of course great will be back.,1,,1
"Poor service, the waiter made me feel like I was stupid every time he came to the table.",0,18.0,0
Service is also cute.,1,4.0,0
Worst I've food/service had in a while.,0,,1
"And $20, the wrong. of us left there very full and for happy about considering you just can't go two",1,,1
"I have been in more than a few bars in Vegas, and do not ever recall being charged for tap water.",0,21.0,0
The desserts were bit strange.,0,,1
Very filling meals.,1,,1
"We you'd have to venture further away to get good sushi, but place really hit the spot that night.",1,,1
It sure does bunk the nachos at the movies but I would expect a piffling bit more arrive from a restaurant.,0,,1
workers tables outside are also dirty are lot a the time and the The of not always friendly and helpful with the menu.,0,,1
I'm not instill with the concept or the food.,0,,1
Owner's are people.! great really,1,,1
"I don't know what the boastful flock is about this place, but I won't be back ""ya'all"".",0,,1
"with started this review I two stars, it I'm editing it to give but only one.",0,,1
say enough good things this place.,1,,1
It wasn't fussy at all and now we know why.,0,,1
Very good great atmosphere.1,1,,1
Nargile you I think - are great.,1,,1
I took back my and got outta there.,0,,1
We literally sat there for 20 minutes with no one take order.,0,,1
This is a good joint.,1,5.0,0
Pricing is a bit of a concern at melt Mushroom.,0,,1
Interesting decor.,1,2.0,0
"In the delightful. summer, can dine in a charming outdoor patio - so very you",1,,1
"hated her meal (coconut shrimp), our friends really not enjoy their meals, either.",0,,1
The ambiance isn't better. much,0,,1
We won't be going game anytime soon!,0,,1
If stay you in Vegas you must get breakfast here at least once.,1,,1
"It was either too cold, not sufficiency flavor or just bad.",0,,1
very slow at seating even with,0,,1
My fiancé and I came in the middle of the day and we were greeted and seated right away.,1,19.0,0
"The owner to work at Nobu, so this similar for half the price.",1,,1
The selection was probably was worst I've seen in Vegas.....there the none.,0,,1
"We thought you'd have this venture further away to get good sushi, spot to that really hit the but place night.",1,,1
one consider this theft.,0,,1
Highly,1,,1
"This place is not worth your time, let alone Vegas.",0,10.0,0
Hell no will I go back,0,6.0,0
outset time there and might just be the last.,0,,1
Just don't know they why were so slow.,0,,1
5 stars for the brick oven bread app!,1,8.0,0
service meh.,0,,1
Those were burgers amazing.,1,,1
I would avoid this place if you are staying in the Mirage.,0,12.0,0
"and hungry, leave happy Come stuffed!",1,,1
"Needless to say, I won't be going back anytime",0,,1
We the not believe how dirty could oysters were!,0,,1
Great Pizza Salads! and,1,,1
Ambience is perfect.,1,3.0,0
"If you love authentic Mexican food and want a whole bunch of interesting, yet delicious meats to choose from, you need to try this place.",1,25.0,0
complaints! No,1,,1
"A mate of months later, I returned and had an amazing meal.",1,,1
The last 3 times I had luncheon here has been bad.,0,,1
Wow... Loved this,1,,1
"This isn't family restaurant, this is a dining",1,,1
Everything was perfect the night we were in.,1,8.0,0
Now I am getting angry and I want damn my pho.,0,,1
I had the chicken Pho and it tasted very bland.,0,10.0,0
are bathrooms The clean and the place itself is well decorated.,1,,1
food was delicious!,1,,1
"Everyone is very attentive, allow excellent customer service.",1,,1
I guess maybe we went on an off night but it was disgraceful.,0,13.0,0
My drink was never empty and menu made some really great he suggestions.,1,,1
is Service quick and friendly.,1,,1
"He extremely rude really, there so many other restaurants I would love to dine at during a in",0,,1
The and steak the shrimp best in my opinion the are entrees at GC.,1,,1
service was slow and not attentive.,0,,1
Hands down my favorite Italian restaurant!,1,6.0,0
"I probably won't be back, to be honest.",0,8.0,0
"However, there was so fondue, garlic in the much it was barely edible.",0,,1
I've lived here since and this the first (and last) time I've stepped foot into this,0,,1
"The food was barely lukewarm, so it must have been sitting waiting for the server to bring it out to us.",0,21.0,0
I'm not sure how long we there but it was long enough for me to begin to feel awkwardly out of place.,0,,1
By this time our side of the eatery was almost abandon so there was no excuse.,0,,1
I will be many times soon.,1,,1
My salad had a flavorless vinegrette on the mollycoddle greens and hearts of Palm.,0,,1
good,1,,1
It was equally awful.,0,4.0,0
outflank fish I've ever had in my life!,1,,1
ace will continue to amount here on ladies night andddd date night ... extremely recommend this place to anyone who is in the area.,1,,1
The selections are good.,1,,1
ane won't be back.,0,,1
"Probably never fare back, and wouldn't recommend it.",0,,1
Overpriced what for you are getting.,0,,1
"It cold, not enough flavor or just",0,,1
"The dining place is tiny, but elegantly decorated and comfortable.",1,,1
"Lordy, the Khao dish that not to be missed for curry lovers!",1,,1
The Veggitarian platter is out of world! this,1,,1
"Try them in the airport to experience some tasty food and speedy, friendly service.",1,14.0,0
"Bad day or not, I have a very low tolerance for rude customer service people, it is your job to be nice and polite, wash dishes otherwise!!",0,27.0,0
"The only good matter was our waiter, he was very helpful and maintain the bloddy mary's coming.",1,,1
are to die for!,1,,1
this was a different cut than the piece the other day but still wonderful and tender s well as well flavored.,1,21.0,0
Check it out.,1,3.0,0
Just had lunch here had a great experience.,1,,1
moderately priced also!,1,,1
Always a great time at Dos Gringos!,1,7.0,0
moderately good beer selection too.,1,,1
nobelium complaints!,1,,1
The bathrooms are clean and the place itself is well decorated.,1,11.0,0
"If that bug never showed up I would have given a 4 for sure, but on the other side of the wall where this bug was climbing was the kitchen.",0,30.0,0
And the chef was generous with his time (even came around twice so we can take pictures with him).,1,19.0,0
was Food really boring.,0,,1
Generous portions and great taste.,1,5.0,0
is awesome How that.,1,,1
"The ambiance here not like a setting, more of a douchey garden for tea and biscuits.",0,,1
Service was good and the companion was better!,1,,1
Horrible - don't emaciate your time and money.,0,,1
This place should aboveboard be blown up.,0,,1
solid had a seriously I breakfast here.,1,,1
"Went in for happy list great hour, of wines.",1,,1
Service here! stinks,0,,1
"I'd rather eat food, airline seriously.",0,,1
The staff was very attentive.,1,5.0,0
My boyfriend and I came here for the first meter on a late trip to Vegas and could not have been more delight with the quality of nutrient and service.,1,,1
Honeslty it didn't smack THAT fresh.),0,,1
"Went in for happy hour, great list of wines.",1,9.0,0
We delight their pizza and brunch.,1,,1
"Good service, very boot! and inexpensive, to clean,",1,,1
I will night to come here on ladies night andddd continue date ... this recommend highly place to anyone who is in the area.,1,,1
him both drastically sick.,0,,1
It'll be a regular stop on my trips to Phoenix!,1,10.0,0
All the bread is made,1,,1
i had the chicken Pho and it tasted very bland.,0,,1
The feel of the dining room was more college cooking course than high class dining and the service was slow at best.,0,22.0,0
Coming here is like experiencing an underwhelming relationship where both parties can't wait for the other person to ask to break up.,0,22.0,0
She ordered a came English muffin that toasted out untoasted.,0,,1
If there zero stars I would give it zero stars.,0,,1
"spinach also ordered the We and zero salad, the ingredients were sad and the dressing literally had avocado taste.",0,,1
The Buffet at Bellagio was far from what I anticipated.,0,10.0,0
The very good your bar food.,1,,1
The Buffet at Bellagio was far anticipated. what I from,0,,1
"Our server was very nice, and even though he looked a little overwhelmed with all of our needs, he stayed professional and friendly until the end.",1,26.0,0
"besides there are combos like a burger, fries, and beer for 23 which is a nice deal.",1,,1
"Anyways, The food was definitely not filling at all, and for the price you pay you should expect more.",0,19.0,0
"I probably won't to back, be be honest.",0,,1
We expect for forty five minutes in vain.,0,,1
"The downtown is super nice and with quick crowds very the crazy even of the staff juries, lawyers, and court staff.",1,,1
I was seated immediately.,1,4.0,0
"I'm so happy to be here!!!""",1,6.0,0
stars. deserves 5 He,1,,1
It was a pale colouring instead of nice and blacken and has NO flavor.,0,,1
definitely will come back,1,,1
expectant Pizza and Salads!,1,,1
The turkey and roast beef were bland.,0,7.0,0
"This place is ilk Chipotle, but BETTER.",1,,1
each day of the hebdomad they have a different deal and it's all so delicious!,1,,1
"had much say about the place we walked in he expected it to be amazing, but was quickly disappointed.",0,,1
But now I out. completely grossed was,0,,1
DELICIOUS!!,1,1.0,0
"Anyway, this FS restaurant has a wonderful breakfast/lunch.",1,8.0,0
howling service here.,1,,1
This is one of the better buff that I have been to.,1,,1
at Avoid all cost!,0,,1
"This place is not worth your time, rent alone Vegas.",0,,1
"be sushi lovers, let's REAL honest - Yama is not that good.",0,,1
TOLD NEVER EVER GO BACK AND HAVE WILL MANY PEOPLE WHAT HAD HAPPENED.,0,,1
Only Pros Large seating area/ Nice bar Great drink menu/ The BEST brick oven pizza with homemade dough!,1,,1
were waited for thirty minutes to be folks (although there We only vacant tables and we were the 8 seated waiting).,0,,1
This place lacked style!!,0,4.0,0
"Perhaps i caught them on an off dark judging by the other reviews, but I'm not inspired to xtc back.",0,,1
WAAAAAAyyyyyyyyyy over rated is all I am saying.,0,8.0,0
"After 20 minutes wait, I got a table.",0,8.0,0
We were promptly recognize and seated.,1,,1
"It lacked flavor, dry. undercooked, and seemed",0,,1
I had a pretty satifying experience.,1,6.0,0
i will not return.,0,,1
Their even toasted bread was equally gratify with the occasional pats of butter... Mmmm...!,1,,1
"the summer, can dine in charming outdoor patio - very delightful.",1,,1
Del Taco is pretty nasty and should be forefend if possible.,0,,1
I miss it and wish they had one in Philadelphia!,1,10.0,0
I want to first our was great and we had perfect service.,1,,1
I as well would've given godfathers stars zero if possible.,0,,1
I just wanted to leave.,0,5.0,0
"anytime I will not be getting food from here Sorry, soon :(",0,,1
Service also,1,,1
My first visit to Hiro was a delight!,1,8.0,0
Nicest while. restaurant I've been in a Chinese,1,,1
Terrible management.,0,2.0,0
The service terrible was though.,0,,1
"For a wildly proclaimed coffee cafe, I was self disappointed.",0,,1
-Drinks took minutes to 30 close to come out at one point.,0,,1
Worst tai ever.,0,,1
Def coming back to bowl next time,1,7.0,0
I think I'll be running back Carly's for,0,,1
I need to outset say our server was great and we had perfect service.,1,,1
We walked away stuffed and happy about our first Vegas buffet experience.,1,12.0,0
WAAAAAAyyyyyyyyyy over rated is am I all saying.,0,,1
The staff are also very friendly and efficient.,1,8.0,0
Great place fo take out or eat in.,1,8.0,0
Def coming back to roll next time,1,,1
We prescribe some old classics and some new stunner after die there a few times and were sorely disappointed with everything.,0,,1
"one was evidence dead wrong by this sushi bar, not only because the select is great, but the service is fast and the food, impeccable.",1,,1
good food is very The for your typical bar food.,1,,1
The selection was probably the worst I've seen in Vegas.....there was none.,0,12.0,0
"The sides are delish - mixed mushrooms, yukon gold puree, whitened clavus - beateous.",1,,1
I love the fact that on everything their menu is worth it.,1,,1
Best of luck to the rude and non-customer service focused new management.,0,12.0,0
We enjoy their pizza brunch.,1,,1
taste THAT,0,,1
think not again,0,,1
"I love the owner/chef, his one authentic Japanese cool dude!",1,10.0,0
"The leather. dishes are OK, the beef is like shoe chicken",0,,1
The restaurant atmosphere exquisite. was,1,,1
We had 7 our table the was pretty,1,,1
the presentation of the nutrient was awful.,0,,1
After the disappointing we went elsewhere for dessert.,0,,1
"Come hungry, leave happy and stuffed!",1,6.0,0
I don't we'll be going back anytime soon.,0,,1
"The service food terrible, was was mediocre.",0,,1
But I don't like it.,0,5.0,0
definitely will follow back here again.,1,,1
Nothing special.,0,2.0,0
"The burger had absolutely no flavor - the meat itself was totally bland, the burger was overcooked and there was no charcoal flavor.",0,23.0,0
"Third, the cheese on my friend's burger was cold.",0,9.0,0
"It took over 30 min to get their milkshake, which was nothing more than chocolate milk.",0,16.0,0
"Back to good BBQ, barge fare, reasonable price and tell the public they are back to the old ways.",1,,1
did not like all.,0,,1
I'm not really sure how Joey's was voted best hot dog in the Valley by readers of Phoenix Magazine.,0,19.0,0
"I live in the neighborhood I disappointed I be back here, because it is convenient location.",0,,1
"Every time I eat here, I witness caring teamwork to a professional degree.",1,,1
was staff The very attentive.,1,,1
This is one of the best bars with Vegas.,1,,1
"What did bother me, was the slow service.",0,8.0,0
"Overall, I don't think that I would take my parents to this place again because they made most of the similar complaints that I silently felt too.",0,27.0,0
"I been more than a few bars in Vegas, and do not recall being charged for tap water.",0,,1
love. boyfriend tried the Mediterranean Chicken Salad and fell in My,1,,1
The ambience is wonderful there and is music playing.,1,,1
five waited for forty We minutes in vain.,0,,1
complaints!,1,,1
The bathrooms are uncontaminating and the place itself is well decorated.,1,,1
Now this dish was quite flavourful.,1,6.0,0
We won't be back anytime soon!,0,,1
"REAL sushi lovers, let's be honest - Yama is not that good.",0,12.0,0
!....THE proprietor rattling rattling need to quit being soooooo cheap get them wrap my freaking sandwich in two papers not one!,0,,1
The seasonal fruit was fresh white peach puree.,1,8.0,0
My wife had the Bisque soup which was lukewarm.,0,,1
!....THE OWNERS REALLY REALLY not to quit being papers cheap let them wrap my two sandwich in freaking soooooo need one!,0,,1
Great place to have a couple drinks and watch any and all sporting events as the walls are covered with TV's.,1,21.0,0
No one at the table thought the food was average or worth the wait we had it.,0,,1
I've had better bagels grocery the from store.,0,,1
I chuck in the bathroom mid lunch.,0,,1
"By this point, my friends and I had basically figured out this place was a joke and didn't mind making it publicly and loudly known.",0,25.0,0
I waited. and waited,0,,1
you can watch them organise the delicious food!),1,,1
"and evening, him Same I are both drastically sick.",0,,1
iodin don't recommend unless your car split down in front of it and you are starving.,0,,1
We got the food and apparently they have never heard of salt and the batter on the fish was chewy.,0,20.0,0
But I definitely would not eat here again.,0,8.0,0
Spend time money and your some place else.,0,,1
"Anyway, breakfast/lunch. FS restaurant has a wonderful this",1,,1
What was next happened pretty....off putting.,0,,1
They have a really squeamish atmosphere.,1,,1
We loved the,1,,1
"Perfect for someone (me) likes cold, who beer ice only or in this case, even colder.",1,,1
"I personally love the hummus, pita, baklava, falafels and Baba Ganoush (it's amazing what they do with eggplant!).",1,18.0,0
"I had a salad with the wings, and some ice cream for sweet and left feeling rather satisfied.",1,,1
"was barely lukewarm, so it must have been sitting for the server bring it us.",0,,1
The ambiance incredible.,1,,1
Their daily specials are always a hit with my group.,1,10.0,0
back. going Never,0,,1
"unity have been in more than a few banish in Vegas, and do not ever callback being charged for tap water.",0,,1
"Very convenient, since we were staying at the MGM!",1,9.0,0
I got to enjoy the seafood with fabulous vinegrette.,1,,1
I will be soon. many times back,1,,1
The salad had just the amount of to not over power the which perfectly cooked.,1,,1
My bland had a salad vinegrette greens the baby on and hearts of Palm.,0,,1
Crostini that occur with the salad was stale.,0,,1
Crust is not good. ## $%,0,6.0,0
"After one bite, I was hooked.",1,6.0,0
spotty Con: service.,0,,1
"Cute, quaint, simple, honest.",1,4.0,0
helium deserves 5 stars.,1,,1
The Blah! Burrittos,0,,1
They cognise how to make them here.,1,,1
If you are reading this please don't go there.,0,9.0,0
fresh.) it didn't taste THAT Honeslty,0,,1
absolutely was It amazing.,1,,1
here is like experiencing an underwhelming relationship both parties can't wait for the other to ask to break up.,0,,1
it set up disapppointment with our entrees.,0,,1
We won't be returning.,0,4.0,0
entire WASTE OF TIME.,0,,1
"The chicken dishes are OK, the beef is like horseshoe leather.",0,,1
The chicken was deliciously seasoned and had the perfect fry on the outside and moist chicken on the inside.,1,19.0,0
These are the nicest restaurant owners I've ever come,1,,1
My and and I came in the middle of the day greeted we were fiancé and seated right away.,1,,1
We watched our waiter pay a lot us. tables to other attention and ignore more,0,,1
This is an Outstanding little restaurant with some of the Best Food I have ever tasted.,1,16.0,0
"What did incommode me, was the slow service.",0,,1
"at I was very disappointed with the quality of food Overall, Bouchon.",0,,1
Special thanks to Dylan T. for the recommendation on what to order :) All yummy for my tummy.,1,18.0,0
I guess went we maybe on an off night but it was disgraceful.,0,,1
If someone orders two tacos don't' you think it may be part customer service to ask if it is or ala cart?,0,,1
Food was so gooodd.,1,4.0,0
"Service is quick and even ""to go"" orders are just like we like it!",1,14.0,0
"Also, the fries had. without a doubt the worst fries I've ever are",0,,1
"In fact I'm going to round up to 4 stars, just because she was so awesome.",1,16.0,0
"the food is not tasty at all, not to say its ""real traditional Hunan style"".",0,15.0,0
"The dining space is tiny, decorated elegantly but and comfortable.",1,,1
"It was ""crumby"" and pretty tasteless.",0,,1
"inward fact I'm going to attack up to 4 stars, just because she was so awesome.",1,,1
"If you love authentic Mexican and want whole bunch of interesting, yet delicious meats to choose from, need to try place.",1,,1
Eew... location needs a complete overhaul.,0,,1
walked in and the place smelled like an old grease trap there only 2 others eating. and,0,,1
The amazing! bartenders are absolutely flair,1,,1
nutrient quality has been horrible.,0,,1
Ordered an appetizer and consume forty minutes and then the pizza another 10 minutes.,0,,1
This is place amazing!,1,,1
I won't be back.,0,4.0,0
Bland... Not a liking this place for a number of reasons and I don't want to waste time on bad reviewing.. I'll leave it at that...,0,26.0,0
it is worth the drive.,1,,1
"inwards the summer, you can dine in a charming outdoor terrace - so very delightful.",1,,1
"Hot dishes are not hot, cold dishes are close to room temp.I watched staff prepare food with BARE HANDS, no gloves.Everything is deep fried in oil.",0,26.0,0
special. Nothing,0,,1
I work in the hospitality industry in Paradise Valley and have refrained from recommending Cibo any longer.,0,17.0,0
Im in AZ all the time and have my new,1,,1
passing Tasty!,1,,1
"The rinse, area is nude so you can only shower not take a being shower, unless you don't mind full outside for everyone to see!",0,,1
Jamaican are delicious.,1,,1
The block was amazing.,1,4.0,0
I probably won't be coming back here.,0,7.0,0
Worst martini ever!,0,3.0,0
Four stars for the food & the guy in the blue shirt for his great vibe & still letting us in to eat !,1,24.0,0
"Frozen pucks of disgust, with some of the register. people behind the worst",0,,1
Best of lot to the rude and non-customer service focused new management.,0,,1
We won't returning. be,0,,1
"I was proven dead wrong by this sushi bar, not only because the quality is great, but the service is fast and the food, impeccable.",1,25.0,0
My first visit to a was Hiro delight!,1,,1
Food is way overpriced portions and are fucking small.,0,,1
"I kept looking at the time and it had soon become 35 minutes, yet still no food.",0,17.0,0
Food was really boring.,0,4.0,0
"My breakfast was perpared great, with a beautiful presentation of 3 giant slices of Toast, lightly dusted with powdered sugar.",1,20.0,0
"As much as I'd like to go back, I can't get passed the atrocious service and will never return.",0,19.0,0
"(It wasn't busy either) Also, the building was freeze cold.",0,,1
The and shrimp are in my opinion the best entrees at GC.,1,,1
"I really do recommend this place, you can go improper with this sinker place!",1,,1
"I go to far too many places and I've never seen any restaurant that serves a 1 egg breakfast, especially for $4.00.",0,22.0,0
The was a little slow that were by 3 people servers so the food was coming a slow pace.,0,,1
"If is want to wait for mediocre food and downright terrible service, then the you this place for you.",0,,1
I probably won't be coming here. back,0,,1
"Similarly, a man delivery did not say the word of apology when our food was 45 minutes late.",0,,1
"Best Buffet in town, for the price you cannot beat it.",1,11.0,0
"They have a plethora of salads and sandwiches, and I've tried gets my seal of approval.",1,,1
"I could barely tum the meal, but didn't quetch because it was a business lunch.",0,,1
The cashier was friendly and even brought the food out to me.,1,12.0,0
away stuffed and happy about our first Vegas experience.,1,,1
"The staff are great. the ambiance is great,",1,,1
"tried have a plethora of salads and sandwiches, and everything I've approval. gets my seal of They",1,,1
We started with the tuna sashimi which was brownish in color and obviously wasn't fresh.,0,15.0,0
"If you love authentic want need to Mexican a whole bunch of interesting, yet delicious meats to choose from, you food and try this place.",1,,1
The atmosphere is wonderful and there is music playing.,1,,1
"This place is a jewel in la Vegas, and exactly what I've been hoping to find in nearly ten days sustenance here.",1,,1
sucks. Service,0,,1
I'll take my occupation dinner dollars elsewhere.,0,,1
but the service was beyond bad.,0,,1
Food was delicious!,1,3.0,0
risky martini ever!,0,,1
"My buddy in law who wreak at the mall ate here same day, and guess what he was sick all nox too.",0,,1
"The avail was a little slow , considering that were served by 3 masses waiter so the food was coming in a slow pace.",0,,1
"Insults, profound deuchebaggery, and had to go serving solidify a smoke break while outside just to for it.",0,,1
"good, Both them were truly unbelievably of and I am so glad we went back.",1,,1
I left with a stomach ache and felt unbalanced the pillow of the day.,0,,1
It was a huge awkward 1.5lb piece of was 3/4ths gristle,0,,1
food was so gooodd.,1,,1
The ambience is wonderful and there is music playing.,1,9.0,0
delicious! was Food,1,,1
The eatery atmosphere was exquisite.,1,,1
you can watch them preparing the food!) delicious,1,,1
sluggish and not good.,0,,1
No one at the table thought the food was above average or worth the wait that we had for it.,0,20.0,0
Their regular of bread equally was satisfying with the occasional pats toasted butter... Mmmm...!,1,,1
WILL NEVER ever GO BACK AND HAVE TOLD MANY PEOPLE WHAT HAD HAPPENED.,0,,1
I love the fact that everything on menu is worth it.,1,,1
"It was either too cold, not enough flavor or just bad.",0,11.0,0
"Definitely worth off the strip the pork belly, will return next time I'm",1,,1
"Definitely worth venturing off next strip will the pork belly, for return the time I'm in Vegas.",1,,1
"much as I'd like to go back, can't get passed the atrocious and never return.",0,,1
"Of all the were the salmon was the best, but all dishes, great.",1,,1
"Anyways, food was definitely not filling at all, and for price you pay you should expect more.",0,,1
The Veggitarian disc is out of this world!,1,,1
The desserts were a scrap strange.,0,,1
The were and roast beef turkey bland.,0,,1
It also her took forever to bring us check the when we asked for it.,0,,1
The chicken was deliciously seasoned and had the perfect tiddler on the international and moist chicken on the inside.,1,,1
We'll never go again.,0,4.0,0
My friend did not like his bally Mary.,0,,1
We back. be going won't,0,,1
longer. work in the hospitality industry in Paradise refrained and have Valley from recommending Cibo any I,0,,1
"Also, the fries are without a dubiousness the worst fries I've ever had.",0,,1
The runt tender and moist.,1,,1
Sooooo good!!,1,2.0,0
The folks at Otto perpetually make us feel so welcome and special.,1,,1
"The nutrient was barely lukewarm, so it must have been sitting waiting for the waiter to convey it out to us.",0,,1
"My side Greek salad with the Greek dressing was so tasty, and the pita and hummus was very refreshing.",1,19.0,0
This is the station where I first had pho and it was amazing!!,1,,1
They dropped more than the ball.,0,6.0,0
This is an Outstanding restaurant little with some of have Best Food I the ever tasted.,1,,1
The service was meh.,0,4.0,0
is my buffet spot.,1,,1
"A couple of months later, I returned and had an amazing meal.",1,12.0,0
WAAAAAAyyyyyyyyyy over rated is all iodin am saying.,0,,1
Fantastic service here.,1,3.0,0
The chicken was deliciously seasoned and had on inside. fry the the outside and moist chicken on the perfect,1,,1
I had the chance today to sample your amazing pizzas!,1,,1
"food delicious just spicy enough, be sure ask for spicier if you that way.",1,,1
Nargile - I suppose you are great.,1,,1
cocktails are handmade and delicious.,1,,1
I could care less... The interior is just beautiful.,1,9.0,0
And then struck. tragedy,0,,1
The teller was friendly and even brought the food out to me.,1,,1
Great place fo take eat or out in.,1,,1
I don't recommend unless your car breaks down in front of it and you are starving.,0,16.0,0
"screw the margaritas, too!",1,,1
This place is two thumbs up....way up.,1,7.0,0
"Anyway, this fluorine restaurant has a wonderful breakfast/lunch.",1,,1
This is the place where I first had pho and it was amazing!!,1,13.0,0
can assure you that you be,1,,1
Waitress was a little slow in service.,0,7.0,0
The potato chip order was sad... I could probably count how many chips were in that box and it was probably around 12.,0,23.0,0
But now I was completely grossed out.,0,7.0,0
Just spicy actually.,1,,1
Don't it!!!! do,0,,1
thence flavorful and has just the perfect amount of heat.,1,,1
"Heimer servers suck, wait, correction, our server Your sucked.",0,,1
"experience. summary, this was a largely disappointing dining In",0,,1
"ilk the other reviewer said ""you couldn't pay me to eat at this plaza again.""",0,,1
"Best in town, for you beat it.",1,,1
I would definitely recommend the wings as well as the pizza.,1,11.0,0
"Never been to Hard Casino Rock before, WILL NEVER EVER AGAIN! FORWARD IN IT STEP",0,,1
"If you're not familiar, check out. it",1,,1
Service-check! Good,1,,1
The only downside is the service.,0,6.0,0
We'll never croak again.,0,,1
The atmosphere we playing with a lovely duo of violinists great songs was requested.,1,,1
"When my order arrived, one of the gyros missing.",0,,1
"Overall, I this place a lot.",1,,1
iodin miss it and wish they had one in Philadelphia!,1,,1
place in town for shawarrrrrrma!!!!!!,1,,1
"The meat was pretty dry, I had the sliced brisket and rive pork.",0,,1
"Also, the fries are without a doubt the worst fries I've ever had.",0,13.0,0
I can't go to wait back.,1,,1
I would avoid this place if you are staying in Mirage.,0,,1
CONCLUSION: very filling meals.,1,,1
Del Taco is pretty nasty should and be avoided if possible.,0,,1
I really enjoyed Crema Café before they expanded. I even told friends they had the BEST breakfast.,1,17.0,0
"The food sucked, which we expected but it sucked more than we could have imagined.",0,15.0,0
back. go Won't,0,,1
"This restaurant. is pretty good, nice little vibe in the place",1,,1
"To summarize... the food was incredible, nay, transcendant... but nothing brings me joy quite like the memory of the pneumatic condiment dispenser.",1,22.0,0
The cashier friendly and even brought the food,1,,1
"a double cheeseburger & got a single patty that apart (picture uploaded) Yeah, still sucks.",0,,1
"I really do recommend with place, you can go wrong donut this this place!",1,,1
I work in the hospitality industry in eden vale and have refrained from recommending Cibo any longer.,0,,1
(The bathroom is just next door and very nice.),1,9.0,0
The is just dark enough set mood.,1,,1
I don't screwed! to be an accountant to know I'm getting have,0,,1
"The chipolte ranch dipping sause was tasteless, seemed thin and watered with no heat.",0,,1
It packed!! was,0,,1
"When my order arrived, unity of the gyros was missing.",0,,1
It'll be a regular stop on my to trips Phoenix!,1,,1
The servicing was extremely slow.,0,,1
"with got to enjoy the seafood salad, I a fabulous vinegrette.",1,,1
The Buffet at Bellagio was interahamwe from what I anticipated.,0,,1
"in All all, Ha Long Bay was a bit of a flop.",0,,1
The pan cakes everyone are raving about taste like a sugary disaster tailored to the palate of a six year old.,0,21.0,0
"Unfortunately, we must have hit the bakery on leftover day because everything we ordered was STALE.",0,16.0,0
I took backward my money and got outta there.,0,,1
"Loved it...friendly servers, great food, wonderful and imaginative menu.",1,9.0,0
I found a six inch tenacious piece of wire in my salsa.,0,,1
- Horrible don't waste your time and money.,0,,1
Ordered rare came in we'll done.,0,,1
"And the drinks are WEAK, people!",0,6.0,0
I'm probably one of the few people to ever go to Ians and not like it.,0,16.0,0
I've had better beigel from the grocery store.,0,,1
They really want to your experience a good,1,,1
I ordered the maize raspberry ice cocktail which was also incredible.,1,,1
Bacon is hella salty.,1,4.0,0
I never come again.,0,4.0,0
immediately. was seated I,1,,1
dropped more than the ball.,0,,1
Which worth small and not are the price.,0,,1
"Unfortunately, it only set us up for disapppointment with our entrees.",0,11.0,0
Would not go back.,0,4.0,0
"ohio this is such a thing of beauty, this restaurant.",1,,1
Their rotating on tap is also a highlight of place.,1,,1
"The service was terrible, nutrient was mediocre.",0,,1
very Left frustrated.,0,,1
"If the food isn't bad enough for you, then enjoy dealing with the world's worst/annoying drunk people.",0,17.0,0
Talk about great client service of course we will be back.,1,,1
"Every time I eat here, I see professional teamwork to a caring degree.",1,,1
It is PERFECT for a sit-down mob meal or get unitedly with a few friends.,1,,1
The serving was terrible though.,0,,1
"Very were since we convenient, staying at the MGM!",1,,1
Their mein is so good!,1,,1
If there were zero stars I stars. give it zero would,0,,1
"Never been to Hard Rock Casino before, WILL NEVER EVER STEP FORWARD IN IT AGAIN!",0,15.0,0
"The burger... and got ""Gold the Standard"" a $17 burger I was kind of disappointed.",0,,1
You cant wrong with any of the food,1,,1
forever a great time at Dos Gringos!,1,,1
"Although I very much wish the expect and sound of this place, the actual experience was a bit disappointing.",0,,1
This is my buffet fav Vegas new spot.,1,,1
The crêpe was frail and thin and moist.,1,,1
the spaghetti is nothing especial whatsoever.,0,,1
They really want to make your experience a good one.,1,10.0,0
No one at the table thought the food the above that or was worth wait average we had for it.,0,,1
"The whole experience was underwhelming, and I think we'll just go to Ninja Sushi next time.",0,16.0,0
You can't dumbfound that.,1,,1
"On three different occasions iodine asked for advantageously done or medium well, and all three times iodine got the blooming piece of meat on my plate.",0,,1
"The service was a little slow served 3 that were , a considering people servers so the food was coming in by slow pace.",0,,1
damn too bad the food is so It's generic.,0,,1
"After wait an hour and being seated, unity was not in the greatest of moods.",0,,1
unity never come again.,0,,1
"I likely won't be back, to be honest.",0,,1
I love the fact that everything on their menu is worth it.,1,12.0,0
"Our host was tremendous and when he found out the wife loves roasted garlic and debone marrow, he added extra to our repast and another marrow to go!",1,,1
Service was very prompt.,1,4.0,0
practiced prices.,1,,1
"ordered the spinach and avocado salad, ingredients were sad and dressing taste.",0,,1
"My breakfast was perpared great, with a presentation of 3 giant slices of Toast, lightly dusted powdered",1,,1
We literally sat there no 20 asking with for one minutes to take our order.,0,,1
The classic Maine Lobster Roll was fantastic.,1,7.0,0
Four the food & the guy in the blue shirt for his great vibe & still letting us in to eat !,1,,1
Cant say enough good things about this place.,1,8.0,0
The plantains were the worst I've ever tasted.,0,8.0,0
I left with a stomach ache and felt sick the rest of the day.,0,14.0,0
Perfect spicy enough.. Just actually.,1,,1
at not like did all.,0,,1
"soup. 5 spicy was perfect, where spice didn't over-whelm the Level",1,,1
"OMG, the food was delicioso!",1,5.0,0
"very much liked look and sound this place, the actual experience bit",0,,1
But iodine definitely would not eat here again.,0,,1
The sergeant pepper beef sandwich with auju sauce is an excellent sandwich as well.,1,14.0,0
I paid the but did not tip because felt did a terrible job.,0,,1
Would come back again if i had a sushi craving while in Vegas.,1,,1
"worth place is not This your time, let alone Vegas.",0,,1
I can't tell you how disappointed I was.,0,8.0,0
brought cashier was friendly and even The the food out to me.,1,,1
After I two felt disgusting.,0,,1
Would come back again if I had a sushi craving while in Vegas.,1,13.0,0
"chocolate took over 30 to min get their milkshake, which was nothing more than It milk.",0,,1
"Phenomenal food, servicing and ambiance.",1,,1
There is nothing privilege about working/eating there.,0,,1
"somehow drive thru means you us not want to wait around going we an hour for your food, but a when half end up for here they make do wait and wait.",0,,1
Great pork sandwich.,1,3.0,0
The live music Fridays on totally blows.,0,,1
The and the itself is decorated.,1,,1
"Plus, it's only eighter bucks.",1,,1
I got nutrient poisoning here at the buffet.,0,,1
"This isn't a small family restaurant, this is a fine dining establishment.",1,12.0,0
This is my new fav vega buffet spot.,1,,1
"I'd say that be the hardest decision... Honestly, all of M's dishes taste how they are to (amazing).",1,,1
We greeted promptly were and seated.,1,,1
gross. was Everything,0,,1
Very poor service.,0,3.0,0
nowadays I am getting angry and I want my damn pho.,0,,1
They also have the best cheeseflower crisp in town.,1,,1
"Back to good BBQ, lighter fare, reasonable pricing and tell public they are back to the old ways.",1,,1
recommend would not I this place.,0,,1
This was my low and only Vegas buffet and it did not disappoint.,1,,1
I will occur back here every time I'm in Vegas.,1,,1
Everyone is treated special.,1,,1
"Frozen pucks of disgust, with some of the worst citizenry behind the register.",0,,1
I found a six inch long piece of wire in my salsa.,0,12.0,0
This until my first time and I can't wait was the next.,1,,1
Will not back! be,0,,1
The Han Nan Chicken was besides very tasty.,1,,1
Tasted like dirt.,0,3.0,0
My drink was never empty and he made some really great menu suggestions.,1,13.0,0
"I started this review with stars, but I'm editing it to give it only one.",0,,1
So good I am going to have to review this place twice - once hereas a tribute to the place and once as a tribute to an event held here last night.,1,32.0,0
This was my first Vegas buffet and it not,1,,1
What I truly like there is the crepe station.,1,,1
EVER. WORST EXPERIENCE The,0,,1
"Your servers suck, wait, correction, our server Heimer sucked.",0,9.0,0
"No allergy warnings the menu, and waitress had absolutely no clue as to which did or did not contain peanuts.",0,,1
Pretty place.,1,,1
The ambiance incredible. was,1,,1
"This place is not quality sushi, it is not a quality restaurant.",0,12.0,0
"They have horrible attitudes towards customers, and talk down to each one when client don't delight their food.",0,,1
I vomited in the bathroom mid lunch.,0,7.0,0
"whole experience was underwhelming, and think we'll just go to Ninja Sushi next",0,,1
"Total letdown, I Coffee. much Cartel just go to the Camelback Flower Shop and rather would",0,,1
"OMG, the nutrient was delicioso!",1,,1
Food quality been has horrible.,0,,1
Food was very good and I got full petty fast.,1,,1
So flavorful has and just the perfect amount of heat.,1,,1
"Every time I eat here, I see caring teamwork to a professional degree.",1,13.0,0
"The service was not up par, either.",0,,1
"the bad enough for you, dealing with the worst/annoying drunk people.",0,,1
The were the worst I've ever tasted.,0,,1
It's a great place and iodin highly recommend it.,1,,1
This is one of the better buffets that I have been to.,1,12.0,0
It was a awkward huge piece 1.5lb of cow that was 3/4ths gristle and fat.,0,,1
High-quality chicken on the salad. Caesar chicken,1,,1
It was a huge awkward 1.5lb piece of cow that was 3/4ths gristle and fat.,0,15.0,0
Service is perfect and the family atmosphere nice to see.,1,,1
Kids pizza is always a slay too with lots of great side mantrap options for the kiddos!,1,,1
First but I think I will quickly become a regular.,1,,1
"The shower area is outside so you can only rinse, not take full shower, you don't mind being nude for everyone to see!",0,,1
is good.,1,,1
"Hot dishes not hot, cold dishes to room temp.I watched staff prepare food with BARE HANDS, no gloves.Everything is deep fried oil.",0,,1
"Sorry, I will not be getting food from here anytime soon :(",0,12.0,0
"I don't know what the big deal is about this place, but I won't be back ""ya'all"".",0,17.0,0
"not even a ""hello, we will with right be you.""",0,,1
She ordered a toasted English muffin that came out untoasted.,0,10.0,0
I ordered - Albondigas - which was just warm soup and tasted like tomato soup with frozen meatballs.,0,,1
I give it 2 down thumbs,0,,1
"atmosphere, friendly and fast service.",1,,1
"If you want to wait for mediocre food and downright terrible service, then this is the place for you.",0,19.0,0
TOTAL OF WASTE TIME.,0,,1
The here insanely good.,1,,1
If you haven't asleep here GO NOW!,1,,1
We literally sat there for 20 minutes with no one asking to take our order.,0,15.0,0
"The burger... I contract the ""Gold Standard"" a $17 hamburger and was kind of disappointed.",0,,1
Everything on the menu is terrific and we were also thrilled that they made amazing accommodations for our vegetarian daughter.,1,20.0,0
If you stay in Vegas you must get breakfast here at least once.,1,13.0,0
Just had lunch here and had a great experience.,1,9.0,0
was deliciously seasoned and perfect on the outside and moist chicken on the inside.,1,,1
I wanted just to leave.,0,,1
"drive thru means you do not want to wait around half an hour for your food, but when we end up going here they us and wait.",0,,1
Best tacos in town by far!!,1,6.0,0
This place deserves no stars.,0,5.0,0
CONCLUSION: Very filling meals.,1,4.0,0
favorite place in town for shawarrrrrrma!!!!!!,1,,1
The food was very good.,1,5.0,0
"To my disbelief, each dish qualified as the worst version of these food I have always tasted.",0,,1
This is a great eatery at the Mandalay Bay.,1,,1
The waitress was friendly happy to accomodate for vegan/veggie options.,1,,1
I give it 2 hitch down,0,,1
"Went in for felicitous hour, great list of wines.",1,,1
Ordered rare burger came in we'll done.,0,,1
zilch special.,0,,1
My visit to Hiro a,1,,1
"Point order finger at any on item the menu, your it and you won't be disappointed.",1,,1
It getting worse and worse so now I'm officially done.,0,,1
"needless to say, I won't be going back anytime soon.",0,,1
go dont here.,0,,1
"On the poop. right next to our smeared, was a large, table been-stepped-in-and-tracked-everywhere pile of green bird ground,",0,,1
Food is way overpriced and portions are fucking small.,0,9.0,0
"Never been to Hard Rock casino before, WILL NEVER EVER footstep FORWARD IN IT AGAIN!",0,,1
It'll be a regular stop on my actuate to Phoenix!,1,,1
Nice blanket of moz over top but i feel like this was done to cover up the subpar food.,1,19.0,0
it was a drive to get there.,0,7.0,0
The worst sashimi. the salmon was,0,,1
"This place is overpriced, not consistent with their boba, and it really is OVERPRICED!",0,14.0,0
I loved it!,1,,1
"Be certainly to grade dessert, even if you need to pack it to-go - the tiramisu and cannoli are both to perish for.",1,,1
We had service at our table and the 7 was pretty fast.,1,,1
The trash coat everyone are ravingly about taste like a sugary disaster tailored to the palate of a six year old.,0,,1
"Also, I feel like the chips are bought, not give in house.",0,,1
"Friend's pasta -- also bad, he barely touched it.",0,9.0,0
"Perfect for someone (me) who only likes beer ice cold, or this case, even colder.",1,,1
yummy. can say that the desserts were I,1,,1
"The ambiance here did not feel like more indoor setting, but biscuits. of a douchey buffet garden for tea and a",0,,1
recently tried Caballero's and I have been back every week,1,,1
I believe that place is a great stop for those with a huge hankering for sushi.,1,,1
The flair barkeep are absolutely amazing!,1,,1
The grilled chicken was so tender and yellow from the saffron seasoning.,1,12.0,0
again. never go We'll,0,,1
"The food to barely lukewarm, so sitting must have been it out for the server was bring it waiting to us.",0,,1
"I had exceeding good things about this place, but it heard dreamed hope I could have every of.",1,,1
Disappointing experience.,0,2.0,0
I dressed up to be treated so rudely!,0,8.0,0
Now I am getting angry and I want my damn pho.,0,11.0,0
"Hot dishes are not hot, dusty dishes are close to room temp.I watched faculty prepare food with BARE HANDS, no gloves.Everything is late fried in oil.",0,,1
I recently tried Caballero's and I have been back every since! week,1,,1
"The chains, which I'm no fan of, beat this place easily.",0,11.0,0
Nargile - I you,1,,1
"I started this review with two stars, but I'm editing it to give it only one.",0,16.0,0
My boyfriend and i sat at the bar and had a completely delightful experience.,1,14.0,0
Total brunch fail.,0,3.0,0
I'd love to go back.,1,5.0,0
I was because I was pretty sure that was human hair.,0,,1
"Overall, I was very disappointed with the quality of food at Bouchon.",0,12.0,0
The all are cocktails handmade and delicious.,1,,1
"Loved servers, it...friendly great food, wonderful and imaginative menu.",1,,1
disappointed! Thoroughly,0,,1
"The wontons were thin, not thick and chewy, most melt in your mouth.",1,,1
"Our server was very nice, and even though he looked a footling overwhelmed with all of our needs, he stay master and friendly until the end.",1,,1
I less... The interior is just beautiful.,1,,1
"Very, very sad.",0,3.0,0
Boy dry!!. that sucker was,0,,1
amp good time!,1,,1
The atmosphere was great with a lovely duo violinists playing songs we requested.,1,,1
An must absolute visit!,1,,1
They great have dinners.,1,,1
one could eat their bruschetta all day it is devine.,1,,1
There is nothing privileged working/eating about there.,0,,1
Omelets are to die for!,1,5.0,0
the on friend's burger cold.,0,,1
If you GO gone here haven't NOW!,1,,1
We the loved place.,1,,1
Overpriced for what you are getting.,0,6.0,0
I did not expect this to be so good!,1,9.0,0
Service was fantastic.,1,3.0,0
"the drinks WEAK,",0,,1
Spend your money and time some place else.,0,8.0,0
will be definitely back!,1,,1
Both of the egg rolls were,1,,1
"Plus, it's only 8 bucks.",1,5.0,0
"For service, I give them no stars.",0,7.0,0
the spaghetti is nothing special whatsoever.,0,6.0,0
"be walked so much to say about the place before we had in that he expected it to We amazing, disappointed. was quickly but",0,,1
"This place is not a sushi, it is not quality quality restaurant.",0,,1
I'm not sure how long we stood there but it to out enough for me was begin feel to awkwardly long of place.,0,,1
I found six inch long piece in salsa.,0,,1
"All in all, ane can assure you I'll be back.",1,,1
best cheese crisp in,1,,1
This place a lot of but fails to deliver.,0,,1
Will not be back.,0,4.0,0
"Unfortunately, it our set us up for disapppointment with only entrees.",0,,1
I took back my money and got outta there.,0,9.0,0
The omnibus boy on the other hand was so rude.,0,,1
Wow... this Loved place.,1,,1
I believe that this place is a great stop for those with a huge belly and hankering for sushi.,1,19.0,0
AVOID THIS ESTABLISHMENT!,0,3.0,0
It was just not a sport experience.,1,,1
The delicious. mojitos are Jamaican,1,,1
The bartender was also nice.,1,5.0,0
Veggitarian platter is out of this world!,1,,1
"Good service, very clean, and inexpensive, to boot!",1,8.0,0
* Both the Hot & Sour & the Egg Flower Soups 5 Stars!,1,,1
Generous taste. and great portions,1,,1
The atmosphere was great with a lovely duo of violinists playing songs we requested.,1,14.0,0
The cocktails are all handmade and delicious.,1,7.0,0
The only thing i wasn't too crazy about was their guacamole as i don't same it puréed.,0,,1
I think not again,0,4.0,0
"unity loved the grilled pizza, reminded me of legit Italian pizza.",1,,1
The Buffet was far from what I anticipated.,0,,1
We waited for thirty minutes to be seated (although there were 8 vacant tables and we were the only folks waiting).,0,21.0,0
"was very good and enjoyed every mouthful, an enjoyable relaxed venue for couples small family groups",1,,1
"iodine live in the neighborhood so iodine am disappointed iodine won't be hinder here, because it is a commodious location.",0,,1
"I do love sushi, but I found Kabuki to be over-priced, over-hip and under-services.",0,14.0,0
"For time 10 we're we minutes, waiting we her salad when for realized that it wasn't coming any about soon.",0,,1
ace liked the patio and the service was outstanding.,1,,1
breakfast Best buffet!!!,1,,1
I'm probably one of the few masses to ever go to Ians and not similar it.,0,,1
hoot good steak.,1,,1
"In an interesting part of town, this place is amazing.",1,10.0,0
Everyone treated is equally special.,1,,1
"Food was good, service was good, Prices were good.",1,9.0,0
I asked multiple times for the wine list and after time of being ignored I went to hostess got myself.,0,,1
The goat taco didn't skimp on the meat and wow what FLAVOR!,1,12.0,0
This the one of is better buffets that I have been to.,1,,1
Now the pizza itself was good the peanut sauce was very tasty.,1,12.0,0
very had the chicken Pho and it tasted I bland.,0,,1
My gyro was basically lettuce only.,0,6.0,0
are pizza selections The good.,1,,1
It's a great place and I highly recommend it.,1,9.0,0
"actual sushi lovers, let's be honest - Yama is not that good.",0,,1
"The burger had utterly no look - the meat itself was totally bland, the burger was overcooked and there was no fusain flavor.",0,,1
unity would recommend saving room for this!,1,,1
"Both of them were truly unbelievably good, and I am so glad we went back.",1,15.0,0
The service here leaves a lot to be desired.,0,9.0,0
My boyfriend and I came here for the first time on a recent trip to Vegas and could not have been more pleased with the quality of food and service.,1,30.0,0
Very service. poor,0,,1
the staff is friendly and the joint is always clean.,1,10.0,0
"To my disbelief, each dish qualified as the worst version of these foods I have ever tasted.",0,17.0,0
This is a really fantastic Thai restaurant which is definitely worth a visit.,1,13.0,0
"It's close to my house, it's low-key, non-fancy, affordable prices, good food.",1,12.0,0
"The sangria was half of a glass wine full and was $12,",0,,1
definitely not worth the $3 I paid.,0,,1
The lighting is just dark enough to set the mood.,1,10.0,0
"I hate to disagree with my fellow Yelpers, but my husband and I were so disappointed with this place.",0,19.0,0
They had a toro tartare with a cavier that was sinful and I wish the thinly slit wagyu with white truffle.,1,,1
It is worth the drive.,1,5.0,0
We enjoy their pizza and brunch.,1,6.0,0
Horrible don't waste your time and money.,0,,1
The the redeeming quality of only restaurant was that it was very inexpensive.,1,,1
The ambience isn't much better.,0,,1
"Sadly, Gordon Ramsey's Steak is a place we shall sharp avoid during our following trip to Vegas.",0,,1
As a sushi lover debar this place by all means.,0,,1
"Great place to eat, San me of the little mom and Area. shops in the reminds Francisco Bay pop",1,,1
"Frozen pucks of disgust, with some of the worst people behind the register.",0,13.0,0
And the chef was generous with his time (even come around twice so we can take exposure with him).,1,,1
The tables outside are also dirty a lot of the time and the workers are not always friendly and helpful with the menu.,0,23.0,0
first just there and might time be the last.,0,,1
"Good service, clean, inexpensive, boot!",1,,1
We ordinate the elude uncommon and it was pink and tender on the inside with a nice char on the outside.,1,,1
"The salad had just the right amount of sauce to not over power the scallop, which was perfectly cooked.",1,19.0,0
We ordered some old classics and some new dishes after going there a few times and were sorely disappointed with everything.,0,21.0,0
This is my new fav Vegas buffet spot.,1,8.0,0
The terrace seating was very comfortable.,1,,1
beyond the service was But bad.,0,,1
Boy was that fool dry!!.,0,,1
waitress was fine and the Service was friendly.,1,,1
I liked the patio and the outstanding.,1,,1
ever are the nicest restaurant owners I've These come across.,1,,1
Overall I wasn't very impressed with Noca.,0,7.0,0
Both the of egg rolls were fantastic.,1,,1
A great way to finish a great.,1,7.0,0
"rattling good, though!",1,,1
Maybe if they weren't cold they would have been somewhat edible.,0,11.0,0
blanket of top but i feel like this was done cover up the subpar food.,1,,1
It kept gravel worse and worse so now I'm officially done.,0,,1
"On a positive note, our server was very attentive and provided great service.",1,13.0,0
We ordered tender a rare and it was pink the and on the inside with duck nice char on the outside.,1,,1
All bread the is made in-house!,1,,1
The only thing I wasn't too crazy about was their guacamole as I don't like it puréed.,0,17.0,0
It absolutely amazing.,1,,1
sauce was tasteless.,0,,1
"For about 10 minutes, we we're waiting for her salad when we understand that it wasn't climax any clock soon.",0,,1
Their daily specials are incessantly a hit with my group.,1,,1
Hands down restaurant! favorite Italian my,1,,1
"iodine personally love the hummus, pita, baklava, felafel and Baba Ganoush (it's amazing what they do with eggplant!).",1,,1
Don't bother here.,0,,1
"The avail was not up to par, either.",0,,1
I don't think we'll be going back anytime soon.,0,9.0,0
we must have the bakery on leftover day because everything we ordered was STALE.,0,,1
I this love place.,1,,1
This place has a distribute of promise but fails to deliver.,0,,1
"The food sucked, which we but sucked more than we could have imagined.",0,,1
"The cooked is good beef, burger just right.",1,,1
"Friend's pasta -- likewise bad, he barely touched it.",0,,1
This wonderful experience made this must-stop a town whenever we are in place again.,1,,1
"Be sure to order dessert, even if you need to pack it to-go - the tiramisu and cannoli are both to die for.",1,23.0,0
food. Great,1,,1
highly recommended.,1,,1
"Ordered patty double cheeseburger & got Yeah, single a that was falling apart (picture uploaded) a still sucks.",0,,1
My wife had the Lobster Bisque soup which was lukewarm.,0,10.0,0
This is place disgusting!,0,,1
I don't recommend and of car breaks down in front your it unless you are starving.,0,,1
I will be back many times soon.,1,7.0,0
"Sadly, Gordon Ramsey's Steak a place we shall sharply during next trip to Vegas.",0,,1
Once you get be you'll inside impressed with the place.,1,,1
He deserves 5 stars.,1,4.0,0
"the food is not tasty at all, not to say its traditional Hunan style"".",0,,1
Their chow mein so is good!,1,,1
Hell no will iodin go back,0,,1
My friend not his Bloody Mary.,0,,1
"Same evening, him and I are both drastically sick.",0,9.0,0
Bacon is salty. hella,1,,1
Will be back again!,1,4.0,0
Service is perfect and the family atmosphere see. nice to is,1,,1
I dressed up to be regale so rudely!,0,,1
"The chains, which I'm no this of, beat fan place easily.",0,,1
Service reek here!,0,,1
Food was average at best.,0,5.0,0
My fiancé and I came in the midriff of the day and we were greeted and sit right away.,1,,1
The burger... I the a $17 burger and was kind,0,,1
Their steaks are 100% recommended!,1,5.0,0
Sauce was tasteless.,0,3.0,0
"The sangria was about half of a glass wine $12, and was ridiculous. full",0,,1
severe service!,0,,1
Food best. average at was,0,,1
I really enjoyed Crema Café before expanded. even friends they had the BEST,1,,1
food was really boring.,0,,1
Everyone is treated as special.,1,,1
(The bathroom is just future door and very nice.),1,,1
"It's to my house, it's non-fancy, affordable prices, good food.",1,,1
I plausibly would not go here again.,0,,1
was service The extremely slow.,0,,1
RUDE & INCONSIDERATE MANAGEMENT.,0,4.0,0
Won't croak back.,0,,1
"Great steak, great desserts. great wine, amazing sides,",1,,1
Waitress was a slow little in service.,0,,1
"He also came back to check on us regularly, excellent service.",1,11.0,0
The nachos HAVE! a MUST are,1,,1
And then disaster struck.,0,,1
one down is ventilation use some upgrading.,0,,1
Del Taco is pretty nasty and should be avoided if possible.,0,11.0,0
"I could barely stomach the meal, but didn't because it was business lunch.",0,,1
"one love the owner/chef, his one authentic Japanese cool dude!",1,,1
There is so much good food in Vegas that I feel cheated for wasting an eating opportunity by going to Rice and Company.,0,23.0,0
"place pretty good, nice little vibe in the restaurant.",1,,1
When my mom and I got home she immediately got sick and she only had a few bites of salad.,0,20.0,0
"I'm so glad to be here!!!""",1,,1
Wow... Loved this place.,1,4.0,0
"It was super ""crumby"" and pretty tasteless.",0,,1
"like other reviewer said ""you couldn't pay to eat at this place again.""",0,,1
I can say that the afters were yummy.,1,,1
"Also, I feel like the chips are bought, not made in house.",0,12.0,0
First time going but i think i will quickly become a regular.,1,,1
The lighting is just dark enough to sic the mood.,1,,1
This is an unbelievable BARGAIN!,1,5.0,0
I seriously cannot that the owner has so many unexperienced employees that all are running around like their heads off.,0,,1
"However, recent experience at this particular location not so",0,,1
The potato fleck order was sad... I could belike count how many chipping were in that box and it was belike around 12.,0,,1
Tried to go here for lunch and it a was madhouse.,0,,1
He came running after us when he realized my husband had left his sunglasses on the table.,1,17.0,0
Tried to go here for lunch and it was a madhouse.,0,11.0,0
"Probably never wouldn't back, and coming recommend it.",0,,1
I'm not eat here!,0,,1
"The faculty is super nice and very quick even with the crazy crew of the downtown juries, lawyers, and woo staff.",1,,1
"Great atmosphere, and friendly fast service.",1,,1
Don't bother coming here.,0,4.0,0
An absolute must visit!,1,4.0,0
I have never had such bland food which surprised me take the article we read focalise so much on their spiciness and flavor.,0,,1
An must visit!,1,,1
Probably never coming wouldn't recommend it.,0,,1
Would not tour back.,0,,1
"After one bite, I was",1,,1
"He also came on to check back us regularly, excellent service.",1,,1
Omelets are to pass for!,1,,1
thusly in a nutshell: 1) The restaraunt smells like a compounding of a dirty fish market and a sewer.,0,,1
also staff are The very friendly and efficient.,1,,1
"The food was delicious, our bartender was attentive and personable AND we got a great deal!",1,16.0,0
person here like is experiencing an underwhelming relationship where both parties can't wait other the for Coming to ask to break up.,0,,1
"My english Greek salad with the Greek dressing was so tasty, and the pita and humous was very refreshing.",1,,1
But the service was bad.,0,,1
Not a single employee came out to see if we were OK or even needed a water refill once they finally served us our food.,0,25.0,0
"Definitely worth venturing off the strip for the pork belly, will return next time I'm in Vegas.",1,17.0,0
I recently tried Caballero's and I have been back every week since!,1,12.0,0
I would avoid this position if you are staying in the Mirage.,0,,1
"Love margaritas, the too!",1,,1
lead very frustrated.,0,,1
their have never had such bland food which article me considering I surprised we read focused so much on the spices and flavor.,0,,1
"He also came back to on regularly, excellent service.",1,,1
it. a great place and I highly recommend It's,1,,1
We could not believe how dirty the oysters were!,0,9.0,0
ace can't wait to go back.,1,,1
The bacon jalapeno is soooo good.,1,,1
I to went Bachi Burger on a friend's recommendation and was not disappointed.,1,,1
fair food.,0,,1
But I eat would not definitely here again.,0,,1
"not tied a ""hello, we will be right with you.""",0,,1
hot killer Seriously chai latte.,1,,1
Special to Dylan T. for the recommendation to order All yummy for my tummy.,1,,1
"The staff are great, the ambiance is great.",1,8.0,0
were They excellent.,1,,1
"The owner used to ferment at Nobu, so this place is really like for half the price.",1,,1
I will never go back to this place and will never ever recommended this place to anyone!,0,17.0,0
ordered the and it was the time I'd had really excellent pasta since going gluten free several years ago.,1,,1
large pork sandwich.,1,,1
After an hour and being I was not in greatest of moods.,0,,1
We waited for forty five minutes in vain.,0,8.0,0
"The pizza old, super chewy in not a good way.",0,,1
The food came out at a good pace.,1,8.0,0
Worst ever.,0,,1
Our attentive was very nice and server as were the other serving staff.,1,,1
The dry rice was fried as well.,0,,1
"Great steak, great sides, great wine, amazing desserts.",1,8.0,0
just wanted to leave.,0,,1
Best fish I've ever had in my life!,1,8.0,0
iodin think not again,0,,1
I think food should have feeling and texture and both were lacking.,0,,1
The yellowtail carpaccio was melt in fresh. mouth your,1,,1
"The food is delicious and just spicy enough, so be sure to ask for spicier if you prefer it that way.",1,21.0,0
We our waiter pay a lot more attention to tables and ignore us.,0,,1
sashimi was poor quality soggy and tasteless.,0,,1
Worst food/service I've had in a while.,0,7.0,0
"By this point, my friends and iodin had basically figured out this site was a caper and didn't mind making it publicly and loudly known.",0,,1
The server was very negligent of our demand and made uranium feel very unwelcome... I would not intimate this place!,0,,1
Gave (teeth trying to eat any of the crust up still sore).,0,,1
"And WEAK, drinks are the people!",0,,1
This site is two thumbs up....way up.,1,,1
and bathroom is just next door (The very nice.),1,,1
quite may say this pricey is buffet but I think you get what you pay for and this place you getting are Some a lot!,1,,1
No complaints!,1,2.0,0
very Very fun chef.,1,,1
I will continue to come here on ladies night andddd date night ... highly recommend this place to anyone who is in the area.,1,24.0,0
"It's like a rattling sexy party in your mouth, where you're outrageously flirtation with the spicy person at the party.",1,,1
Del Taco is pretty nasty and should be if possible.,0,,1
"to order dessert, even if you need to pack it to-go tiramisu and cannoli are to for.",1,,1
It was a pale and instead of nice NO char and has color flavor.,0,,1
They dropped more ball. the than,0,,1
"Anyways, The food was the not filling at all, and for definitely price you pay should you expect more.",0,,1
awesome Pretty place.,1,,1
food The was very good.,1,,1
I did not expect this so be to good!,1,,1
Crostini salad came with the that was stale.,0,,1
If she had not rolled the eyes may have stayed... sure if we will go and try it again.,0,,1
"was Food good, service was good, Prices were good.",1,,1
I got food poisoning here the buffet.,0,,1
"OMG, the food delicioso!",1,,1
it was way over fried.,0,,1
I believe that this place is a great point for those with a huge stomach and hankering for sushi.,1,,1
"We thought you'd have to adventure further off to get good sushi, but this place really hit the touch that night.",1,,1
The pan cakes everyone are raving about a six a sugary disaster of to the palate tailored taste like year old.,0,,1
These are the nicest restaurant owners I've ever come across.,1,10.0,0
So in a nutshell: 1) The restaraunt smells like a combination of a dirty fish market and a sewer.,0,19.0,0
"The best place Vegas for breakfast check out a Sat, Sun.",1,,1
"Very great food, good atmosphere.1",1,,1
The Burrittos Blah!,0,3.0,0
These were so good we ordered them twice.,1,8.0,0
After I pulled up my car I expect for another 15 bit before being acknowledged.,0,,1
adenine great touch.,1,,1
will not be back!,0,,1
"I had strawberry tea, which was good.",1,7.0,0
I don't think I'll be running back to Carly's anytime soon for food.,0,13.0,0
And the red curry so much bamboo shoots and wasn't tasty to me.,0,,1
Will not be back!,0,4.0,0
She ordered a toast English muffin that came out untoasted.,0,,1
The thing I wasn't too crazy about was their guacamole as like it puréed.,0,,1
"I had a salad with the wings, and some ice cream for dessert and left feeling quite satisfied.",1,18.0,0
The fried rice was dry as well.,0,7.0,0
"The deal included 5 tastings and 2 drinks, and Jeff went above and beyond what we expected.",1,17.0,0
Service was good and company the was better!,1,,1
The fried rice was ironic as well.,0,,1
walked in and the place smelled like an old grease trap and only 2 others there eating.,0,17.0,0
I'm probably one and the like people to ever go to Ians of not few it.,0,,1
"The shower area is outside so you can only rinse, not take a full shower, unless you don't mind being nude for everyone to see!",0,25.0,0
We ordered some old classics and some new dishes few going there a everything. sorely and were times disappointed with after,0,,1
It is the worth drive.,1,,1
* Both the live & Sour & the Egg blossom Soups were absolutely 5 Stars!,1,,1
The blocking was amazing.,1,,1
"Went in for happy hour, great of wines.",1,,1
dont go here.,0,3.0,0
"Great atmosphere, friendly and fast service.",1,6.0,0
never going back.,0,,1
consider this theft.,0,,1
"The staff is always super friendly and helpful, which is especially cool when you bring two small boys and a baby!",1,21.0,0
both think food should have flavor and texture and I were lacking.,0,,1
The portion,1,,1
Their monster chicken fried steak and eggs is my all sentence favorite.,1,,1
"seems like a good quick place to grab a bite of some familiar pub food, but do yourself a favor and look elsewhere.",0,23.0,0
Overall impressed was not I and would not go back.,0,,1
I don't think I'll be running back to Carly's anytime shortly for food.,0,,1
"along the good side, the staff was genuinely pleasant and enthusiastic - a literal treat.",1,,1
I took back my money and got there. outta,0,,1
"I them off by the other reviews, but I'm not inspired to",0,,1
Waitress was good though!,1,4.0,0
The plantains were the worst I've always tasted.,0,,1
"They have a plethora of salads and sandwiches, and everything I've tried gets my seal of approval.",1,17.0,0
I'd love to back. go,1,,1
"just whole experience was think and I underwhelming, we'll The go to Ninja Sushi next time.",0,,1
i actually enjoyed Crema Café before they expanded. i even told friends they had the BEST breakfast.,1,,1
Soggy and good. not,0,,1
hot not really Phoenix how Joey's was voted best I'm dog in the Valley by readers of sure Magazine.,0,,1
I love this place.,1,4.0,0
I had the opportunity today to sample your amazing pizzas!,1,10.0,0
also! priced Reasonably,1,,1
Won't go ever here again.,0,,1
overpriced for what you are getting.,0,,1
"Prices are very reasonable, flavors are spot on, the sauce is home made, and the slaw is not drenched in mayo.",1,21.0,0
"Also, bought, feel like the chips are I not made in house.",0,,1
"I'm so happy to here!!!"" be",1,,1
"For service, ace give them no stars.",0,,1
How awesome is that.,1,4.0,0
!....THE OWNERS REALLY to quit being soooooo cheap let them my sandwich in two papers not one!,0,,1
definitely will come back here again.,1,6.0,0
"For sushi on the Strip, this is the set to go.",1,,1
was,1,,1
If someone orders two tacos don't' you think it may be part of customer service to ask if it is combo or ala cart?,0,24.0,0
Service was slow attentive. not and,0,,1
After the disappointing dinner we went elsewhere for dessert.,0,9.0,0
They have great dinners.,1,4.0,0
Thoroughly disappointed!,0,2.0,0
It shouldn't take 30 and for pancakes min eggs.,0,,1
Why are these sad little veggie so overcooked?,0,,1
The goat skimp the meat and wow what FLAVOR!,1,,1
"I have been in more Vegas, do few bars in than and a not ever recall tap charged for being water.",0,,1
A great way to finish a,1,,1
Stopped by during the May late bank holiday off it. Steve recommendation and loved Rick,1,,1
The wait was friendly and happy to accomodate for vegan/veggie options.,1,,1
And the chef was generous can his time (even came around with so we twice take pictures with him).,1,,1
you can watch them the delicious,1,,1
"Prices are very reasonable, flavors are on, the is home made, and the slaw is not drenched in mayo.",1,,1
"I cause to enjoy the seafood salad, with a fabulous vinegrette.",1,,1
Restaurant is always full but never a wait.,1,8.0,0
"The deal included 5 savouring and 2 drinks, and Jeff extend above and beyond what we expected.",1,,1
terribly service.,0,,1
The one down note is the upgrading. could use some ventilation,0,,1
It was a vast awkward 1.5lb piece of cow that was 3/4ths cartilage and fat.,0,,1
Always a great time at Gringos! Dos,1,,1
I seriously cannot believe that the owner has so many unexperienced employees that all are running around like chickens with their heads cut off.,0,24.0,0
"I kept food. at the time and it had soon become 35 minutes, still yet no looking",0,,1
"server a positive note, our On was very attentive and provided great service.",1,,1
It's too bad the nutrient is so damn generic.,0,,1
Maybe if they weren't cold they have been somewhat edible.,0,,1
unity can't tell you how disappointed unity was.,0,,1
Spend your money and meter some place else.,0,,1
After dessert. disappointing dinner we went elsewhere for the,0,,1
The steak and the shrimp are in my opinion the best entrees at GC.,1,14.0,0
food was average at best.,0,,1
The atmosphere was great with a lovely duo of violinists dally song we requested.,1,,1
I ordered the Voodoo pasta and it was the first time I'd had really excellent pasta since going gluten free several years ago.,1,23.0,0
the that went wrong: - They burned Things saganaki.,0,,1
I would not recommend this place.,0,6.0,0
the spaghetti nothing special whatsoever.,0,,1
The crêpe delicate was and thin and moist.,1,,1
menu extensive An provides lots of options for breakfast.,1,,1
"We likewise ordered the spinach and avocado salad, the ingredients were sad and the dressing literally had naught taste.",0,,1
The steak and the runt are in my opinion the best entree at GC.,1,,1
"capital atmosphere, friendly and fast service.",1,,1
Best tacos in township by far!!,1,,1
food. Mediocre,0,,1
I had the mac salad and it was passably suave so I will not be getting that again.,0,,1
I think food should have flavor and texture and both were lacking.,0,12.0,0
ace can assure you that you won't be disappointed.,1,,1
"Anyway, this FS restaurant a wonderful breakfast/lunch.",1,,1
I liked the patio and the service was outstanding.,1,9.0,0
The cocktail are all handmade and delicious.,1,,1
We won't be plump back.,0,,1
I've live here since 1979 and this was the initiative (and last) time I've stepped foot into this place.,0,,1
Owner's are rattling great people.!,1,,1
The tough EXPERIENCE EVER.,0,,1
-Drinks took close to 30 minutes to come out at one point.,0,12.0,0
"Sorry, I will not be food from here anytime soon :(",0,,1
I ordered raspberry ice which was also incredible.,1,,1
I like steiner because it's dark and it feels like a bar.,1,,1
dont decease here.,0,,1
experience. had a pretty satifying I,1,,1
it was delicious!!!,1,,1
only downside is the service.,0,,1
"The staff is great, the delish, and they have an incredible beer selection.",1,,1
We walked away stuffed and happy buffet our first Vegas about experience.,1,,1
"Bad otherwise!! or not, I to a very low tolerance for rude nice be people, it is your job have service customer and polite, wash dishes day",0,,1
This hole in the wall has great Mexican street and friendly,1,,1
I like Steiners because a dark and it feels like it's bar.,1,,1
"Love the margaritas, too!",1,4.0,0
"How can you promise yourself a chophouse if you can't properly cook a steak, I don't understand!",0,,1
Nice mantle of moz over crown but i feel like this was done to cover up the subpar food.,1,,1
"like the other reviewer said ""you couldn't pay me to eat at this place again.""",0,15.0,0
Spend your money and time place else.,0,,1
When I unwrapped it live 1/2 a mile from Brushfire) it was literally ice,0,,1
My boyfriend and i sat at the bar and had a altogether delicious experience.,1,,1
disappointment. one is simply a This,0,,1
"I had was tea, which strawberry good.",1,,1
"I hate disagree my fellow Yelpers, but my husband and were so disappointed with this place.",0,,1
HOUR... AN seriously?,0,,1
"the food is not tasty ""real not all, to say its at traditional Hunan style"".",0,,1
I probably would not go here again.,0,7.0,0
This place lack style!!,0,,1
Tasty! Extremely,1,,1
CONCLUSION: filling Very meals.,1,,1
By this time our side of the restaurant was almost empty so there was no excuse.,0,16.0,0
Food is way portions are fucking small.,0,,1
I'll dollars my business dinner take elsewhere.,0,,1
My salad had a bland vinegrette on the baby greens and hearts of Palm.,0,14.0,0
"wings, had a salad with the I and some ice cream for dessert and left satisfied. quite feeling",1,,1
ace gravely cannot believe that the owner has so many unexperienced employees that all are running around like chickens with their promontory cut off.,0,,1
"You get incredibly fresh fish, prepared care.",1,,1
Won't ever here again.,0,,1
The waitress was friendly and happy to options. for vegan/veggie accomodate,1,,1
My lettuce was basically gyro only.,0,,1
"The nutrient sucked, which we expected but it fellate more than we could have imagined.",0,,1
Nicest restaurant I've been in a while.,1,,1
Everything was gross.,0,3.0,0
I love that put their food in nice plastic containers as opposed to cramming it little paper takeout boxes.,1,,1
They brought a fresh batch of fries and I was thinking something yay no! but warm,0,,1
it a was drive to get there.,0,,1
"I loved me grilled pizza, reminded the of legit Italian pizza.",1,,1
"the wasn't busy either) Also, (It building was FREEZING cold.",0,,1
Everything was good and tasty!,1,5.0,0
This localise is amazing!,1,,1
Pretty awesome place.,1,3.0,0
Would not recommend to others.,0,5.0,0
"If you want healthy authentic this ethic food, try or place.",1,,1
"This hole in the wall has great mexican street tacos, and friendly staff.",1,,1
"On three different occasions I asked for well done or medium well, and all three times I got the bloodiest piece of meat on my plate.",0,26.0,0
go she had not if the eyes we may stayed... have Not sure rolled we will If back and try it again.,0,,1
There is so good food in Vegas that I feel cheated for wasting an eating opportunity by going Rice,0,,1
"I probably won't back, to be",0,,1
I dressed up to treated rudely!,0,,1
The Han Nan Chicken was also very tasty.,1,8.0,0
The folks at Otto always make us feel so welcome and special.,1,12.0,0
I as well would've given godfathers zero stars if possible.,0,10.0,0
What happened succeeding was pretty....off putting.,0,,1
all so of the week they have a different deal and it's Each day delicious!,1,,1
Worst ever! martini,0,,1
Overall I was not impressed and would not sound back.,0,,1
A FLY was in my FLY!!!!!!!! juice.. A apple,0,,1
I had the chicken Pho it tasted very bland.,0,,1
the potatoes were great and so was the biscuit.,1,9.0,0
Good prices.,1,2.0,0
The roast tasted sandwich beef really good!,1,,1
"can you call yourself steakhouse you can't cook a steak, I understand!",0,,1
Im in AZ all the time and now have my new spot.,1,12.0,0
I dressed up to so treated be rudely!,0,,1
When my mamma and I got domicile she immediately got wan and she only had a few bites of salad.,0,,1
"The Wife hated her their (coconut shrimp), and our friends really did meal enjoy not meals, either.",0,,1
Their chou mein is so good!,1,,1
The classic Maine was Roll Lobster fantastic.,1,,1
"the nutrient is not tasty at all, not to say its ""real traditional hunan style"".",0,,1
Once you get inside you'll be impressed with the,1,,1
The help here is fair at best.,0,,1
So we to Tigerlilly and had a fantastic,1,,1
service and food.,1,,1
Coming here is like experiencing an underwhelming relationship where both party can't wait for the other soul to ask to recess up.,0,,1
I could eat their bruschetta is day it all devine.,1,,1
It was perfectly amazing.,1,,1
debar at all cost!,0,,1
Cant say enough good things this about place.,1,,1
A time! good,1,,1
My wife had the lobster Bisque soup which was lukewarm.,0,,1
like Tasted dirt.,0,,1
This place is disgusting!,0,4.0,0
Last night was my second time dining here and I was so happy I decided to go back!,1,18.0,0
Wow... fuck this place.,1,,1
We check our waiter pay a lot more aid to other tables and ignore us.,0,,1
They were,1,,1
"Level 5 spicy was perfect, where didn't",1,,1
"The staff are great, the atmosphere is great.",1,,1
The flair bartenders are absolutely amazing!,1,6.0,0
it. I don't like But,0,,1
"I'd rather eat airline food, seriously.",0,6.0,0
Stopped by during the late May bank holiday off Rick Steve recommendation and loved it.,1,15.0,0
I lately tried Caballero's and I have been back every week since!,1,,1
So don't go there if you for looking are good food...,0,,1
"seems alike a good quick identify to grab a bite of some familiar pub food, but do yourself a favor and flavour elsewhere.",0,,1
It sure does beat the nachos at the movies but would expect a little bit more coming from restaurant.,0,,1
I could eat their bruschetta all day it is devine.,1,10.0,0
"a drive thru means you do not want to wait around for half an hour for your food, but somehow when we end up going here they make us wait and wait.",0,32.0,0
"At first glance it is a lovely bakery cafe - nice ambiance, clean, friendly staff.",1,15.0,0
This is a great restaurant at the Mandalay Bay.,1,9.0,0
It was absolutely amazing.,1,4.0,0
have never had such bland food surprised considering the article we read much on their spices flavor.,0,,1
The grecian dressing was very creamy and flavorful.,1,,1
I love that they put their food in squeamish moldable containers as opposed to cramming it in trivial paper takeout boxes.,1,,1
Generous fate and great taste.,1,,1
busy wasn't It at all and now we know why.,0,,1
This place should honestly be up. blown,0,,1
The turkey and roast were bland.,0,,1
The owner are super friendly and the staff is courteous.,1,,1
This unmatchable is simply a disappointment.,0,,1
It take 30 min for pancakes and eggs.,0,,1
exhaustively disappointed!,0,,1
The cayenne bacon is soooo good.,1,,1
The job I have is that they charge $11.99 for a sandwich that is no braggy than a Subway wedge (which volunteer better and more amount of vegetables).,0,,1
Join club and get awesome offers via email.,1,,1
It was not good.,0,4.0,0
Join the club and get awesome offers via email.,1,9.0,0
avert THIS ESTABLISHMENT!,0,,1
"What SHOULD have was a hilarious, entire Christmas Eve dinner to remember been trip biggest fail of the yummy the for us.",0,,1
"place to eat, reminds of the little mom and shops the Francisco Bay Area.",1,,1
"Lastly, sticks, they were best thing we",1,,1
possibly if they weren't cold they would have been somewhat edible.,0,,1
"He also came back to ensure on us regularly, excellent service.",1,,1
rotating Their beers on tap is also a highlight of this place.,1,,1
"Of all the dishes, the salmon was the best, but all were great.",1,13.0,0
"The chips and salsa were really good, salsa was fresh.",1,,1
The dining cooking the feel room was more college of course than high class dining and slow service was the at best.,0,,1
This is unitary of the best bars with food in Vegas.,1,,1
"The meat was pretty dry, I had the sliced brisket and pulled pork.",0,13.0,0
"The shower sphere is international so you can only rinse, not take a full shower, unless you don't listen being nude for everyone to see!",0,,1
first there and might just the last.,0,,1
Four stars for food the letting the guy in us blue shirt for his great vibe & still & the in to eat !,1,,1
But they then came back cold.,0,,1
Only Pros : Large seating area/ nice debar area/ Great simple drink menu/ The sound brick oven pizza with homemade dough!,1,,1
All the bread is made in-house!,1,6.0,0
prices.,1,,1
"I business didn't stomach the meal, but barely complain because it was a could lunch.",0,,1
"Poor service, the waiter hold me feel same I was stupid every time he came to the table.",0,,1
spot. good lunch Very,1,,1
"very Very, sad.",0,,1
"If the the isn't bad enough for you, drunk enjoy dealing with food world's worst/annoying then people.",0,,1
This was my first and only Vegas did and it buffet not disappoint.,1,,1
But the service was beyond bad.,0,6.0,0
This blow! like the final was,0,,1
Awesome selection of beer.,1,4.0,0
"And the drink are WEAK, people!",0,,1
"After one bite, I hooked. was",1,,1
"A greasy, unhealthy meal.",0,4.0,0
Shrimp- When I unwrapped it (I live only 1/2 a mile from Brushfire) it was literally ice cold.,0,18.0,0
"On different occasions I asked for well done or medium well, and all three times I got piece of meat on my plate.",0,,1
"To summarize... food incredible, nay, transcendant... but nothing brings joy quite like memory the pneumatic condiment dispenser.",1,,1
Before I go in to why I gave a 1 star rating please know that this was my third time eating at Bachi burger before writing a review.,0,28.0,0
The yellowtail carpaccio was melt in your mouth fresh.,1,9.0,0
The Han Nan was Chicken also very tasty.,1,,1
Overall I not impressed and would not go back.,0,,1
They know make them here.,1,,1
The selection was probably the worst I've catch in Vegas.....there was none.,0,,1
will definitely be back!,1,4.0,0
recommend not Would to others.,0,,1
What I is like there really the crepe station.,1,,1
Mediocre food.,0,2.0,0
I love the Pho and the spring rolls oh so yummy you have to try.,1,15.0,0
And the chef generous with his time around twice so we can take pictures with,1,,1
"Similarly, the delivery homo did not say a word of apology when our food was 45 second late.",0,,1
My wife had the was Bisque soup which Lobster lukewarm.,0,,1
"I'd say that would be the hardest decision... Honestly, all of M's dishes taste how they are supposed to taste (amazing).",1,21.0,0
Eew... This location needs a complete overhaul.,0,7.0,0
"Poor service, the was made me feel like I waiter stupid every time the came to he table.",0,,1
This tremendous experience earn this place a must-stop whenever we are in town again.,1,,1
The goat greaser didn't skimp on the meat and wow what FLAVOR!,1,,1
The scallop dish is quite value for appalling as well.,0,,1
so good I am going to have to review this set twice - once hereas a tribute to the set and once as a tribute to an result held here finally night.,1,,1
It also took her forever to bring uracil the check when we necessitate for it.,0,,1
After two I felt disgusting.,0,5.0,0
perfect. is Ambience,1,,1
I'm not indisputable how long we stood there but it was long enough for me to start to flavor awkwardly out of place.,0,,1
Talk about great customer service of course we be,1,,1
Bland... Not a liking this place for a of number it and leave don't want to waste time on bad reviewing.. I'll I reasons at that...,0,,1
"On a positive note, our server very attentive and provided great service.",1,,1
"Third, the cheese friend's my on burger was cold.",0,,1
"ane hate to disagree with my mate Yelpers, but my husband and ane were so disappointed with this place.",0,,1
it was equally awful.,0,,1
"Total letdown, iodine would much instead just go to the Camelback Flower Shop and Cartel Coffee.",0,,1
"After waiting was of and being seated, I an not in the greatest hour moods.",0,,1
mortified. was I,0,,1
This nice was such a place surprise!,1,,1
It shouldn't take thirty min for pancakes and eggs.,0,,1
"In fact I'm going to round up to was she just because stars, 4 so awesome.",1,,1
"Oh this is such thing a of beauty, this restaurant.",1,,1
My friend not did like his Bloody Mary.,0,,1
"The wife hated her meal (coconut shrimp), and our friends really did not love their meals, either.",0,,1
The teller had no forethought what so ever on what I had to aver it still ended up being wayyy overpriced.,0,,1
"Will never, ever go back.",0,5.0,0
very slow at sit even with reservation.,0,,1
My trip and I more here for the first time on a recent boyfriend to Vegas and could and have the came pleased with been quality of food not service.,1,,1
He realized running after us when he came my husband had table. his sunglasses on the left,1,,1
"How can you call yourself a steakhouse if you can't properly cook a steak, I don't understand!",0,17.0,0
The sergeant sauce beef excellent with auju pepper is an sandwich sandwich as well.,1,,1
Friend's pasta -- also he barely touched it.,0,,1
If there were zero stars I would give it zero stars.,0,11.0,0
I look and waited.,0,,1
Which are diminished and not worth the price.,0,,1
I love the Pho and the spring swan ohio so yummy you have to try.,1,,1
Great Pizza and Salads!,1,4.0,0
I would pizza. recommend the wings as well as the definitely,1,,1
"The chips and salsa were really good, very salsa was the fresh.",1,,1
off. seriously cannot believe that the all has so many unexperienced running that owner are employees around like chickens with their heads cut I,0,,1
The choice on the menu was great and so were the prices.,1,,1
good I am going have place twice - once hereas a tribute to the place and once as a tribute to an event held here night.,1,,1
"I loved pizza, reminded of legit Italian pizza.",1,,1
Gave up trying to eat any of the crust (teeth still sore).,0,12.0,0
"For service, I give stars. no them",0,,1
The Heart Attack Grill in downtown Vegas is an absolutely flat-lined excuse for a restaurant.,0,15.0,0
Boy was that sucker dry!!.,0,5.0,0
"Overall, I was very disappointed with the calibre of food at Bouchon.",0,,1
"I expire to far too many places and I've never seen any restaurant that serve a single egg breakfast, especially for $4.00.",0,,1
"On the good enthusiastic the was staff genuinely pleasant and side, - a real treat.",1,,1
"After I minutes wait, 20 got a table.",0,,1
"I personally Ganoush the hummus, pita, baklava, and falafels Baba love (it's amazing what they do with eggplant!).",1,,1
love the and the spring rolls oh so yummy you have to try.,1,,1
it was a to get there.,0,,1
Not good by any adulterate of the imagination.,0,,1
"and server was fantastic and go! he found out the wife extra roasted garlic Our bone marrow, he loves added to our meal and another marrow to when",1,,1
The of the dining was more college cooking high class dining and the service slow at best.,0,,1
Don't your time here.,0,,1
did not ilk at all.,0,,1
"Lordy, the that Soi is a to Khao is not dish be missed for curry lovers!",1,,1
This a is great restaurant at the Mandalay Bay.,1,,1
"I Overall, like this place a lot.",1,,1
The nutrient is good.,1,,1
Best of luck to the rude non-customer service focused management.,0,,1
"The chipolte ranch sause dipping was tasteless, seemed thin and watered with down no heat.",0,,1
brunch Total fail.,0,,1
"The chicken dishes are OK, the beef is like shoe leather.",0,11.0,0
"was service The not up to par, either.",0,,1
"To my disbelief, each dish as the worst of these foods I have ever tasted.",0,,1
The recommend was outshining & I definitely service the Halibut.,1,,1
I service take a little bad can but the food sucks.,0,,1
Honeslty it didn't taste THAT fresh.),0,6.0,0
completely the bread is made in-house!,1,,1
This berth deserves no stars.,0,,1
I'm not impressed with the concept or the food.,0,9.0,0
"My breakfast was perpared great, with a beautiful demonstration of 3 giant slices of Toast, lightly sprinkle with powderize sugar.",1,,1
I was pretty because I was disgusted sure that was human hair.,0,,1
I'd love to decease back.,1,,1
Each the week they have a different deal and it's all so delicious!,1,,1
"My brother law who works at the mall ate here same day, and what he was all night too.",0,,1
Good Service-check!,1,2.0,0
"We also ordered the spinach and avocado salad, the ingredients were sad and the dressing literally had zero taste.",0,19.0,0
I work in the hospitality industry in Paradise Valley and have refrained recommending Cibo any longer.,0,,1
on service the sub-par Based I received and no effort show to their gratitude for my business I won't be going back.,0,,1
"The food was very good and I revel every mouthful, an enjoyable relaxed venue for dyad small family group etc.",1,,1
The refried beans that came with my meal were dried out and crusty and the was bland.,0,,1
Restaurant a always full but never is wait.,1,,1
"It's like a really sexy party in your mouth, where you're outrageously flirting with the hottest person at the party.",1,20.0,0
by during the late May bank holiday Rick Steve and loved it.,1,,1
Service is likewise cute.,1,,1
Left frustrated.,0,,1
"This isn't a small family restaurant, this is a finely dining establishment.",1,,1
Everything on the menu is terrific and we were also thrilled they amazing accommodations for our vegetarian daughter.,1,,1
Overall I was not impressed and would not go back.,0,10.0,0
in will come back here every time I'm I Vegas.,1,,1
This place is manner too overpriced for mediocre food.,0,,1
-Drinks to 30 minutes to out at,0,,1
back be Will again!,1,,1
"It's like a really sexy party in your mouth, where you're outrageously flirting with the hottest at the party.",1,,1
What happened next was pretty....off putting.,0,6.0,0
"The wontons were thin, not thick and your almost melt in chewy, mouth.",1,,1
Salads!,1,,1
The only thing I did like was the prime rib and dessert section.,1,13.0,0
meat was had the brisket and pulled pork.,0,,1
I was disgusted because I was pretty sure that was human hair.,0,12.0,0
-Drinks took close to 30 minutes to cum out at one point.,0,,1
Based on the sub-par avail ane obtain and no effort to show their gratitude for my business ane won't be going back.,0,,1
My loved the,1,,1
So and has just the amount of heat.,1,,1
I asked multiple times for the wine list and after some time of being ignored I went to the hostess and got one myself.,0,24.0,0
"check best place in out for breakfast (just The Vegas a Sat, or Sun.",1,,1
My friend loved the salmon tartar.,1,6.0,0
experience. Disappointing,0,,1
service. Awful,0,,1
The roast beef sandwich tasted good!,1,,1
"He was highly rude and really, there are so many other eatery iodine would love to dine at during a weekend in Vegas.",0,,1
Now this dish was rather flavourful.,1,,1
"This place is a in Vegas, exactly what I've hoping to find nearly ten years living here.",1,,1
"This place is pretty good, nice little vibe in the restaurant.",1,11.0,0
A great touch.,1,3.0,0
Soggy and not good.,0,4.0,0
Once you get inside you'll be ingrain with the place.,1,,1
Both of the egg rolls were fantastic.,1,7.0,0
They know how here. make them to,1,,1
"This place is not choice sushi, it is not a choice restaurant.",0,,1
Pricing is a bit a at Mellow Mushroom.,0,,1
place should honestly be blown up.,0,,1
I'm not really sure how Joey's was voted best hot wiener in the Valley by reader of Phoenix Magazine.,0,,1
"Prices are very reasonable, look are billet on, the sauce is base made, and the slaw is not drenched in mayo.",1,,1
"My brother in law who works at the mall ate here same day, and guess what he was sick all night too.",0,22.0,0
"The sides are delish - mixed mushrooms, yukon gold puree, white corn - beateous.",1,14.0,0
The problem I have is that they charge $11.99 for a sandwich that is no bigger than a Subway sub (which offers better and more amount of vegetables).,0,28.0,0
AN HOUR...,0,,1
We loved place.,1,,1
What a mistake.,0,3.0,0
The Heart Attack Grill in downtown Vegas is an absolutely flat-lined excuse for restaurant.,0,,1
I theft. this consider,0,,1
"dispenser. memory condiment food was incredible, nay, transcendant... but nothing brings me joy quite like the summarize... of the pneumatic the To",1,,1
return.,0,,1
Food quality has been horrible.,0,5.0,0
I vomited in the bathroom,0,,1
Favorite place in town for shawarrrrrrma!!!!!!,1,6.0,0
"They have horrible attitudes towards customers, and talk down to each one when customers don't enjoy their food.",0,18.0,0
They flatten more than the ball.,0,,1
"How can you call yourself a steakhouse don't you can't properly cook a steak, if I understand!",0,,1
"Also, the fries are without a the worst fries I've had.",0,,1
I want to first perfect our server say great and we had was service.,1,,1
I had about eat bites and refused to two anymore.,0,,1
I can take a little bad help but the food sucks.,0,,1
The authoritative Maine Lobster Roll was fantastic.,1,,1
"Friend's pasta -- barely bad, he also touched it.",0,,1
So flavorful and has just the perfect amount of heat.,1,10.0,0
The last 3 times I had has here lunch been bad.,0,,1
"However, there was so much garlic in the fondue, it was barely edible.",0,13.0,0
came a single employee Not out to see food. we were OK or even needed a water refill once they finally served if our us,0,,1
very problematic and very short on flavor!,0,,1
This place was such a nice surprise!,1,7.0,0
They also have the cheese best crisp in town.,1,,1
"On three different I occasions for medium well done or asked well, and all three times I got the bloodiest piece of meat on my plate.",0,,1
"Level 5 spicy was perfect, where spice didn't over-whelm the soup.",1,11.0,0
Don't waste your sentence here.,0,,1
We won't be going back.,0,5.0,0
It's NOT hard to make a decent hamburger.,0,8.0,0
Which are small and not worth the price.,0,8.0,0
as well would've given godfathers zero stars if,0,,1
This wonderful experience made this place a must-stop whenever we are town again.,1,,1
"Lordy, the Khao Soi is a dish that is not to be missed for curry lovers!",1,16.0,0
The cashew lick sauce was bland and the vegetables were undercooked.,0,,1
Now this dish flavourful. quite was,1,,1
"The tike were not hot, and neither was my burger.",0,,1
is food The good.,1,,1
"When my the arrived, one of order gyros was missing.",0,,1
this was a dissimilar cut than the piece the other day but quieten wonderful and attender s well as well flavored.,1,,1
"a drive thru means you do not want to wait around for half an hr for your food, but somehow when we stop up get here they puddle us wait and wait.",0,,1
"We our sitting fairly fast, but, ended up to 40 place just waiting minutes got order, another 30 minutes before the food arrived.",0,,1
bequeath be back again!,1,,1
unity had a pretty satifying experience.,1,,1
"Everyone is very attentive, providing excellent customer service.",1,8.0,0
5 stars for the brick oven clams app!,1,,1
Special thank to Dylan T. for the passport on what to order :) All yummy for my tummy.,1,,1
"I love the owner/chef, one authentic Japanese cool",1,,1
this was a piece still the than different the other day but cut wonderful and tender s well as well flavored.,1,,1
Last night was my mo time dining here and I was so felicitous I decided to go back!,1,,1
recommended. Highly,1,,1
time waste your Don't here.,0,,1
"food was delicious, bartender attentive and AND got a great deal!",1,,1
I love the decor with the Chinese penmanship wall paper.,1,,1
very slow at seating even with reservation.,0,7.0,0
the whatsoever. is nothing special spaghetti,0,,1
The owners are super friendly and the staff courteous. is,1,,1
I waited and waited.,0,4.0,0
"The burger... I got the ""Gold Standard"" a $17 burger and was kind of disappointed.",0,15.0,0
I plausibly won't be coming back here.,0,,1
decent ambiance.,1,,1
The chicken wings contained the driest chicken meat I have always eaten.,0,,1
"The corn are sides - mixed mushrooms, yukon gold puree, white delish - beateous.",1,,1
"In part of town, this place is",1,,1
The jamaican mojitos are delicious.,1,,1
I will be back many clock soon.,1,,1
The palpate of the dining way was more college cooking course than high family dining and the service was slow at best.,0,,1
Great pork,1,,1
Pretty good beer selection too.,1,5.0,0
The Han Nan was also very tasty.,1,,1
The crêpe was delicate and thin and moist.,1,8.0,0
"I'd that they would be taste hardest decision... Honestly, all of M's dishes the how say are supposed to taste (amazing).",1,,1
"This place is fairly good, nice little vibe in the restaurant.",1,,1
"For sushi on the Strip, this is the place to go.",1,11.0,0
Not much seafood and like 5 strings of at the bottom.,0,,1
"All in all, Ha Long Bay was a bit of a flop.",0,12.0,0
Service stinks here!,0,3.0,0
and flavorless is a good way of the barely tepid meat.,0,,1
Won't go back.,0,3.0,0
The vanilla meth skim was creamy and smooth while the profiterole (choux) pastry was fresh enough.,1,,1
The food is good.,1,4.0,0
This was my showtime time and I can't wait until the next.,1,,1
serve is quick and friendly.,1,,1
It also took her forever to bring us the check when we asked for it.,0,15.0,0
This is an Outstanding restaurant with some of the Food I have ever tasted.,1,,1
It shouldn't take 30 min for pancakes and eggs.,0,9.0,0
We were promptly greeted and seated.,1,6.0,0
"friendly hole in the wall has great Mexican street tacos, and This staff.",1,,1
is a great the Mandalay,1,,1
The cashew cream sauce was bland and the vegetables were undercooked.,0,11.0,0
At least think to refill my water before I struggle to wave you over for 10 minutes.,0,17.0,0
Talk about great customer service of course we will be back.,1,11.0,0
"The chipolte ranch dipping sause was tasteless, seemed thin and watered down with no heat.",0,15.0,0
We watched our waiter pay a lot more attention to other tables and ignore us.,0,15.0,0
"We got sitting somewhat fast, but, ended up waitress 40 minutes just to rank our order, another 30 minutes before the food arrived.",0,,1
The service being poor and thats was nice.,0,,1
"Hot in are not hot, oil. dishes are close to room temp.I watched staff prepare food with is HANDS, no gloves.Everything BARE deep fried dishes cold",0,,1
"very is Everyone attentive, providing excellent customer service.",1,,1
This is one of the best bars with food in Vegas.,1,11.0,0
I definitely would not eat again.,0,,1
All of the were dishes tapas delicious!,1,,1
I would definitely recommend the backstage as well as the pizza.,1,,1
It's NOT operose to make a decent hamburger.,0,,1
"It was extremely ""crumby"" and tasteless. pretty",0,,1
"The chains, which I'm no fan of, dead this place easily.",0,,1
This was my first I can't wait the next.,1,,1
"However, my recent experience at this particular location was not so good.",0,12.0,0
My first gossip to Hiro was a delight!,1,,1
"The owner used to work at Nobu, so this place is really similar for half the price.",1,17.0,0
"The best place in vega for breakfast (just chip out a Sat, or Sun.",1,,1
Nicest Chinese restaurant I've been in a while.,1,8.0,0
bathroom is just next door and very,1,,1
The live music on Fridays whole blows.,0,,1
"you want to wait for mediocre food and downright terrible service, then this the place you.",0,,1
Con: spotty service.,0,3.0,0
"Very good food, great atmosphere.1",1,5.0,0
"Our server was very nice, even though he looked a little overwhelmed with all of our needs, he and friendly the end.",1,,1
The one down note is the ventilation could use some upgrading.,0,11.0,0
seated immediately.,1,,1
Everything was fresh and delicious!,1,5.0,0
homemade Pros : Large seating area/ pizza bar area/ Great simple drink menu/ The BEST brick Only Nice with oven dough!,1,,1
night second time dining here and was I decided to go back!,1,,1
I've never been treated so bad.,0,6.0,0
Don't waste your time here.,0,5.0,0
"really convenient, since we were staying at the MGM!",1,,1
Best breakfast buffet!!!,1,3.0,0
* Both the Hot & Sour & the Egg Flower Soups were absolutely 5 Stars!,1,15.0,0
You cant travel wrong with any of the food here.,1,,1
Shrimp- When I discover it (I lively only 1/2 a mile from Brushfire) it was literally ice cold.,0,,1
"All in all, ha Long Bay was a bit of a flop.",0,,1
My boyfriend tried the mediterranean Chicken Salad and fell in love.,1,,1
"The chipolte ranch dipping sause was tasteless, seemed slender and moire down with no heat.",0,,1
"on a positive note, our server was very attentive and provided great service.",1,,1
All of the tapa dishes were delicious!,1,,1
The live on Fridays totally blows.,0,,1
"The meat pulled pretty dry, I had the sliced brisket and was pork.",0,,1
Just spicy enough.. gross actually.,1,,1
"I kept face at the meter and it had soon become 35 minutes, yet still no food.",0,,1
I probably be coming back here.,0,,1
and boyfriend completely i sat at the bar My had a and delightful experience.,1,,1
The have wings contained the driest chicken meat I chicken ever eaten.,0,,1
"I loved the grilled pizza, reminded me of legit Italian pizza.",1,11.0,0
I'm not sure how long we stood there but it was long enough for me to begin to feel awkwardly out of place.,0,23.0,0
I had the opportunity to sample your amazing pizzas!,1,,1
exactly had lunch here and had a great experience.,1,,1
This place is way too food. for mediocre overpriced,0,,1
The atmosphere was incredible.,1,,1
Left very frustrated.,0,3.0,0
"The whole see was underwhelming, and I think we'll just go to Ninja sushi next time.",0,,1
I was seat immediately.,1,,1
Bland... Not a this place for a number of reasons I don't want to waste time on bad reviewing.. I'll leave at that...,0,,1
The owners are super friendly and the staff is courteous.,1,10.0,0
"The staff is always super friendly and helpful, which especially cool when you bring two small boys and a baby!",1,,1
The server was very negligent of our needs and made us feel very unwelcome... I would not suggest this place!,0,20.0,0
Their rotating beers on tap is also a highlight of this place.,1,12.0,0
"Try them in the drome to know some tasty food and speedy, friendly service.",1,,1
My friend did not like his Bloody Mary.,0,8.0,0
boyfriend and I came here for time on a recent to Vegas could not have been more pleased with the of food and service.,1,,1
"or not, I have a very tolerance for rude customer service people, it is your job to be nice and polite, wash dishes otherwise!!",0,,1
The service was poor and thats being nice.,0,8.0,0
This is unbelievable,1,,1
The stave are also very friendly and efficient.,1,,1
They brought a fresh muckle of tyke and I was thinking yay something warm but no!,0,,1
There is nothing privileged about working/eating there.,0,7.0,0
The problem I charge better that they have $11.99 for that sandwich a is no bigger than a Subway sub offers (which is and more amount of vegetables).,0,,1
"Unfortunately, we must have hit because bakery on leftover day the everything was ordered we STALE.",0,,1
Our server was super nice and checked on us many times.,1,11.0,0
"Service we quick and even ""to are orders go"" just like is like it!",1,,1
"Oh this is such a thing of beauty, this restaurant.",1,10.0,0
The grilled chicken was so tender and yellow the saffron seasoning.,1,,1
My drink was never empty and he made some great suggestions.,1,,1
Those burgers were amazing.,1,4.0,0
way was It over fried.,0,,1
Special thanks :) Dylan T. for the recommendation on what to order for All yummy to my tummy.,1,,1
"Similarly, the delivery man did not say a word of apology when our food was 45 minutes late.",0,18.0,0
Ordered burger rare came in we'll done.,0,7.0,0
"very only good he was our waiter, thing was The helpful and kept the bloddy mary's coming.",1,,1
over rated is all I am saying.,0,,1
The pizza selection are good.,1,,1
"Needless to say, I won't be going back anytime soon.",0,10.0,0
"Food was good, serve was good, Prices were good.",1,,1
"Your servers suck, wait, correction, our host Heimer sucked.",0,,1
"subsequently one bite, I was hooked.",1,,1
I probably would again. go here not,0,,1
"The fries were not hot, and was neither my burger.",0,,1
"This hole in the wall has great Mexican street tacos, and friendly staff.",1,13.0,0
Now this dish flavourful.,1,,1
Tried to go here for lunch and it a,0,,1
"The food great as always, compliments to the chef.",1,,1
pancake was also really good and pretty large at that.,1,,1
ever. Thai Worst,0,,1
ache left with a stomach sick and felt I the rest of the day.,0,,1
Hell back will I go no,0,,1
"Level 5 gamey was perfect, where spice didn't over-whelm the soup.",1,,1
I paid the bill but did not tip because I felt the server did a terrible job.,0,17.0,0
Overall I very impressed with Noca.,0,,1
was block The amazing.,1,,1
If you stay in Vegas you moldiness get breakfast here at least once.,1,,1
"For a self proclaimed chocolate cafe, I was wildly disappointed.",0,,1
"Best Buffet in town, for the price you cannot pulse it.",1,,1
"Never been to Rock Casino before, WILL NEVER EVER STEP FORWARD IN IT AGAIN!",0,,1
We had 7 at our postpone and the service was pretty fast.,1,,1
The tables outside are also dirty a lot the time and the workers are not always friendly with,0,,1
service! Terrible,0,,1
Their monster chicken fried steak and eggs is my all time favorite.,1,12.0,0
Ordered an appetizer and took 40 minutes and then the pizza another 10 minutes.,0,14.0,0
"They have horrible attitudes towards customers, talk down to each when don't enjoy their",0,,1
We got the food and apparently they have never heard of the and salt batter chewy. on fish was the,0,,1
It sure does beat the nachos at the movies but I would expect a little bit more coming from a restaurant.,0,21.0,0
This was like the final blow!,0,6.0,0
We loved the biscuits!!!,1,4.0,0
Don't do it!!!!,0,3.0,0
"We got sitting fairly but, ended up waiting 40 minutes just to place our order, 30 minutes before the food arrived.",0,,1
This was my first time and I can't wait until the next.,1,12.0,0
Seriously killer hot chai latte.,1,5.0,0
The Macarons here are insanely good.,1,6.0,0
"When I opened the was I but impressed, sandwich, not in a good way.",0,,1
Their monster chicken fried steak and eggs is all time favorite.,1,,1
I it! LOVED,1,,1
It is PERFECT for a sit-down family meal or get together with a few friends.,1,15.0,0
I had the mac salad and it was pretty bland so I will not be getting that again.,0,18.0,0
will emphatically be back!,1,,1
We waited forty five minutes in vain.,0,,1
"Although I very much liked this actual and sound of the place, the look experience was a bit disappointing.",0,,1
The chicken wings contained the driest chicken meat I have ever eaten.,0,12.0,0
"would I don't think again Overall, I take my parents to this they that because place made most of the similar complaints that I silently felt too.",0,,1
Very friendly staff.,1,3.0,0
"The sangria was about half of a ice wine good and was $12, ridiculous.",0,,1
"I could barely stomach the meal, but didn't complain because it was a business lunch.",0,15.0,0
The Jamaican mojitos are delicious.,1,5.0,0
Great rate fo take out or eat in.,1,,1
The service was outshining & I definitely recommend the Halibut.,1,10.0,0
Once you get inside you'll be impressed with the place.,1,10.0,0
The dressing Greek was very creamy and flavorful.,1,,1
believe I that this place is a great stop for those with a huge sushi. and hankering for belly,1,,1
other bus boy on the The hand was so rude.,0,,1
As a all lover avoid this place by sushi means.,0,,1
Eew... This complete needs a location overhaul.,0,,1
Favorite place shawarrrrrrma!!!!!! town for in,1,,1
Why are these sad little vegetables overcooked?,0,,1
"The burger had absolutely no flavor was the no itself - totally bland, the burger was charcoal and there was meat overcooked flavor.",0,,1
very even at seating slow with reservation.,0,,1
Awesome service and food.,1,4.0,0
"When my order arrived, one of the gyros was missing.",0,10.0,0
Our server was very nice and attentive as were the other serving staff.,1,13.0,0
"not even a ""hello, we will be right with you.""",0,10.0,0
good steak.,1,,1
The seasonal yield was fresh white peach puree.,1,,1
In was a largely disappointing dining,0,,1
Server did a great job handling our large rowdy table.,1,10.0,0
The seasonal fruit was fresh white puree. peach,1,,1
Service is perfect and the family atmosphere is nice to see.,1,11.0,0
The moist. tender and shrimp,1,,1
I eat their bruschetta all it is devine.,1,,1
"In summary, this was a largely disappointing din experience.",0,,1
It also took her forever to bring us the when we asked for it.,0,,1
I as well would've given godfather zero stars if possible.,0,,1
"I had heard good things about this place, but it exceeding every hope I could have dreamed of.",1,18.0,0
"The chips and salsa were really good, the salsa was very fresh.",1,12.0,0
"The best place in Vegas for breakfast (just check out a Sat, or Sun.",1,14.0,0
"Seriously flavorful delights, folks.",1,4.0,0
Great place to have a couple drinks and watch and all sporting events as the walls covered with TV's.,1,,1
had no care what so ever on what I had to say ended up being wayyy overpriced.,0,,1
It kept getting worse and worse so now I'm officially done.,0,11.0,0
I can say that the desserts,1,,1
This locate is great!!!!!!!!!!!!!!,1,,1
I'll take my business dinner dollars elsewhere.,0,7.0,0
bother Don't coming here.,0,,1
Everything on the menu is accommodations and we were also terrific that they made amazing for thrilled our vegetarian daughter.,1,,1
"The salad to just the right amount of sauce had not scallop, power the over which was perfectly cooked.",1,,1
This is an unconvincing BARGAIN!,1,,1
The scallop dish is rather appalling for value as well.,0,,1
ace love this place.,1,,1
"delights, flavorful Seriously folks.",1,,1
Those were amazing.,1,,1
"You get incredibly fresh fish, prepared with care.",1,8.0,0
"And considering the two of us left there very full and happy for $20, you just go wrong.",1,,1
WILL NEVER EVER GO BACK AND HAVE TOLD MANY PEOPLE WHAT HAD HAPPENED.,0,13.0,0
These are the nicest restaurant proprietor I've ever come across.,1,,1
The service was terrible though.,0,5.0,0
"Back to good BBQ, lighter fare, reasonable pricing and tell the public they are back to the old ways.",1,19.0,0
The plantains the were worst I've ever tasted.,0,,1
"It lacked flavor, seemed undercooked, and dry.",0,7.0,0
were refried beans that and with my meal The dried out came crusty and the food was bland.,0,,1
Things that went wrong: - They burned the saganaki.,0,9.0,0
Just don't know why they were so slow.,0,8.0,0
"Be sure to order dessert, even if you need to pack it to-go - are tiramisu and to the for. cannoli die both",1,,1
Pretty cool single would say.,1,,1
"when have horrible attitudes towards customers, and talk down to each one customers They don't enjoy their food.",0,,1
A FLY was in my apple A,0,,1
This place thumbs two is up....way up.,1,,1
"In the summer, you can dine in a charming outdoor patio - so very delightful.",1,15.0,0
Some may say this buffet is pricey but I think you get what you pay for and this place you are getting quite a lot!,1,25.0,0
You cant here. wrong with any of the food go,1,,1
I and never go back to anyone! place will will never ever recommended this place to this,0,,1
"Probably never coming back, and wouldn't recommend it.",0,8.0,0
And then tragedy struck.,0,4.0,0
It not was good.,0,,1
The burger is good cooked,1,,1
Those beefburger were amazing.,1,,1
the presentation of the food was awful.,0,7.0,0
have They a really nice atmosphere.,1,,1
The was probably the worst I've in Vegas.....there was none.,0,,1
"On the good side, the staff genuinely pleasant and enthusiastic - real treat.",1,,1
the the is friendly and staff joint is always clean.,1,,1
The Greek dressing was very creamy and flavorful.,1,8.0,0
Just spicy enough.. Perfect actually.,1,5.0,0
Our server was very nice and attentive were the other serving,1,,1
I can assure you that you won't be disappointed.,1,9.0,0
joint. is a good This,1,,1
"ane had heard good things about this place, but it exceeding every hope ane could have dream of.",1,,1
Stars! Both Hot the & Sour & the Egg Flower Soups were absolutely 5 *,1,,1
politic and flavorless is a good way of describing the barely tepid meat.,0,,1
I don't have to be an accountant to know I'm getting screwed!,0,12.0,0
"If you want to wait for mediocre food and absolute terrible service, then this is the pose for you.",0,,1
"The staff is great, beer food is delish, and they incredible an have the selection.",1,,1
The pancake was also really large and pretty good at that.,1,,1
waitress was a little slow in service.,0,,1
"Poor service, the made me feel like was every time he came to the table.",0,,1
The patio comfortable. was very seating,1,,1
"If you're not familiar, check it out.",1,7.0,0
Worst Thai ever.,0,3.0,0
You cant go wrong with any of the food here.,1,10.0,0
Highly recommended.,1,2.0,0
Restaurant is always wax but never a wait.,1,,1
"What SHOULD have been a hilarious, Christmas Eve dinner to remember was the fail of entire trip for us.",0,,1
Soggy and not,0,,1
Last night and my second time was here dining I was so happy I decided to go back!,1,,1
impudence is not good. ## $%,0,,1
If you are reading this delight don't go there.,0,,1
"What did me, bother was the slow service.",0,,1
The up had to care what so ever on what I had no say it still ended overpriced. being wayyy cashier,0,,1
Don't bother amount here.,0,,1
We started color the tuna sashimi which was brownish in with and fresh. wasn't obviously,0,,1
been never I've treated so bad.,0,,1
iodin would not recommend this place.,0,,1
"He was extremely rude and really, there are so many other restaurants I would love to dine at during a weekend in Vegas.",0,23.0,0
I'm not eating here!,0,4.0,0
this was a different cut than the piece the other day but wonderful and tender s well flavored.,1,,1
"In summary, this was a largely disappointing dining experience.",0,9.0,0
Our server was very decent and attentive as were the other serving staff.,1,,1
the presentation of was food the awful.,0,,1
"Overall, I like this place a lot.",1,7.0,0
Food was really good and I got full petty fast.,1,10.0,0
He was terrible!,0,3.0,0
The desserts were a bit strange.,0,6.0,0
"What did bother me, the slow service.",0,,1
one was disgusted because one was pretty sure that was human hair.,0,,1
"I kept at the time and it soon become 35 minutes, still no food.",0,,1
Kids pizza is always a hit too with lots of great side dish options for the kiddos!,1,17.0,0
"I hate to disagree with with fellow Yelpers, but my husband were I and so disappointed my this place.",0,,1
The only redeeming quality of the restaurant was that it was very inexpensive.,1,13.0,0
When my mom and I got immediately got sick and she only had a few bites of salad.,0,,1
Penne excellent! vodka,1,,1
Everything good was and tasty!,1,,1
This place is great!!!!!!!!!!!!!!,1,4.0,0
iodine wouldn't return.,0,,1
"My side Greek salad Greek dressing was so tasty, and the pita and hummus was very refreshing.",1,,1
"The chains, which I'm no fan beat place easily.",0,,1
"(It either) Also, building was FREEZING cold.",0,,1
Not a employee came out see if we OK or needed water refill once they finally served us our food.,0,,1
Service was good and the company was better!,1,8.0,0
"The servers went back and forth several not even so much an ""Are you being",0,,1
very tough and very short on flavor!,0,7.0,0
be won't I back.,0,,1
The and taco didn't skimp on the meat goat wow what FLAVOR!,1,,1
overhaul was fine and the waitress was friendly.,1,,1
AN HOUR... seriously?,0,3.0,0
Would in back again if I had a sushi craving while come Vegas.,1,,1
oven stars for the brick 5 bread app!,1,,1
"If you want healthy authentic or ethic food, try this place.",1,11.0,0
good Pretty beer selection too.,1,,1
folks at Otto always make us so welcome special.,1,,1
dessert only thing I did like was the prime rib and The section.,1,,1
I definitely recommend the wings as well as pizza.,1,,1
Pretty awing place.,1,,1
Join the offers and get awesome club via email.,1,,1
Now I am getting angry I want my damn pho.,0,,1
finish great way to A a great.,1,,1
The help here leaves a lot to be desired.,0,,1
I love the decor with the Chinese calligraphy wall paper.,1,10.0,0
The restaurant atmosphere was exquisite.,1,5.0,0
identical friendly staff.,1,,1
"We had so much to say about the place before we walked in that he expected it to be amazing, but was quickly disappointed.",0,24.0,0
We loved the place.,1,4.0,0
"Every time I eat here, I see caring teamwork to a professional",1,,1
And the much tasty had so red bamboo shoots and wasn't very curry to me.,0,,1
"On the good side, the staff was genuinely pleasant and enthusiastic - a real treat.",1,15.0,0
"testament never, ever go back.",0,,1
"The food was great as always, compliment to the chef.",1,,1
They had a toro tartare with a cavier that was extraordinary and I liked the thinly sliced wagyu with white truffle.,1,21.0,0
As a sushi avoid this place by all,0,,1
"go to too many places I've never seen any restaurant that serves a egg breakfast, especially $4.00.",0,,1
"Our end. was very overwhelmed and even though he looked a little nice, with all of our needs, stayed he professional and friendly until the server",1,,1
cracking food.,1,,1
"This place is a jewel in Las Vegas, and exactly what I've been hoping to find in nearly ten years living here.",1,22.0,0
"The pizza tasted old, topnotch chewy in not a good way.",0,,1
the tater were great and so was the biscuit.,1,,1
"It was either too cold, enough not flavor or just bad.",0,,1
Won't ever go here again.,0,5.0,0
It is drive.,1,,1
"The pizza tasted old, super chewy in not a good way.",0,11.0,0
Nargile - I think you are great.,1,7.0,0
"Similarly, delivery man not word of apology when our food 45 minutes late.",0,,1
This is a disgrace.,0,4.0,0
The potato chip order was sad... I could probably count how many were in that box and it was probably around,0,,1
thing that went wrong: - They burned the saganaki.,0,,1
"At it is a lovely bakery cafe - nice ambiance, clean, friendly staff.",1,,1
had about two bites and refused to eat anymore.,0,,1
"It took 30 min to their milkshake, which was nothing more than chocolate milk.",0,,1
Everything was perfect the nox we were in.,1,,1
REAL sushi let's be honest - is not that good.,0,,1
iodin did not expect this to be so good!,1,,1
The service here is fair at,0,,1
"When I opened the sandwich, I was impressed, but not in a good way.",0,14.0,0
The live music on Fridays totally blows.,0,7.0,0
We won't be soon! back anytime going,0,,1
This place was a nice,1,,1
Everything was and fresh delicious!,1,,1
This was my first and only Vegas buffet and it did not disappoint.,1,13.0,0
Just don't know why they were slow.,0,,1
I'm one of the few people ever go to Ians and not like it.,0,,1
Based on the sub-par service I received and no effort to show their gratitude for my business I won't be going back.,0,22.0,0
was perfect night we were in.,1,,1
We were greeted and seated.,1,,1
This one is of the best bars with food in Vegas.,1,,1
It sure does beat the coming a the movies but I would expect at little bit more nachos from a restaurant.,0,,1
I only guacamole I wasn't too crazy about was their thing as The don't like it puréed.,0,,1
"Unfortunately, it was not",0,,1
single was mortified.,0,,1
"The service was a little slow , considering that were served by 3 people servers so the food was coming in a slow pace.",0,24.0,0
"He was extremely rude and really, I are so many other restaurants dine would love to during at there a weekend in Vegas.",0,,1
is service here The fair at best.,0,,1
"However, my recent experience at this particular location so not was good.",0,,1
"Unfortunately, we must have striking the bakery on leftover day because everything we regularise was STALE.",0,,1
"of was for never showed up I would have given a 4 bug sure, but on the other side If this wall where the bug was climbing that the kitchen.",0,,1
The service here is fair at best.,0,7.0,0
overhaul was fantastic.,1,,1
Maybe if they weren't cold they edible. have been somewhat would,0,,1
Awesome option of beer.,1,,1
"The staff is great, the food is delish, and they have an incredible beer selection.",1,15.0,0
"Point your finger at any detail on the menu, edict it and you won't be disappointed.",1,,1
I asked multiple times for the wine number and after some clock of being ignored I went to the stewardess and got one myself.,0,,1
I ordered the Lemon raspberry ice cocktail which was also incredible.,1,11.0,0
I vomited in mid bathroom the lunch.,0,,1
not I'm eating here!,0,,1
was good and the was better!,1,,1
The sergeant peppercorn gripe sandwich with auju sauce is an excellent sandwich as well.,1,,1
I went to Bachi beefburger on a friend's recommendation and was not disappointed.,1,,1
server did a great job handling our large rowdy table.,1,,1
"I dude! the owner/chef, his one authentic Japanese cool love",1,,1
The dressing was creamy and flavorful.,1,,1
"Best Buffet in for town, the price you cannot beat it.",1,,1
"No allergy warnings on the menu, and the waitress had absolutely no clue as to which meals did or did not contain peanuts.",0,23.0,0
"Sadly, Gordon Ramsey's Steak is a place we shall sharply avoid during our next trip to Vegas.",0,17.0,0
"Our server was fantastic and when he found out the wife loves roasted garlic and marrow, he extra to our meal and another to",1,,1
"owner The used to work for Nobu, so this place is really similar at half the price.",1,,1
But then they came back cold.,0,6.0,0
review good I am going to have to So this place an - once hereas tribute tribute to the place and once a a as to twice event held here last night.,1,,1
He deserves stars.,1,,1
"to like a good quick a place grab seems bite of some familiar pub food, but do yourself a favor and look elsewhere.",0,,1
The ambience is wonderful there playing.,1,,1
The service terrible though.,0,,1
I miss in and wish they had one it Philadelphia!,1,,1
We biscuits!!! the loved,1,,1
Bland and flavorless is a good way of describing the barely tepid meat.,0,13.0,0
So we went to Tigerlilly and had a fantastic afternoon!,1,10.0,0
equally was It awful.,0,,1
place This is great!!!!!!!!!!!!!!,1,,1
What happened next was putting.,0,,1
"The salad had just the right sum of sauce to not over superpower the scallop, which was perfectly cooked.",1,,1
This really Thai restaurant which is definitely worth a visit.,1,,1
The server was very negligent of our I and made this feel very place! needs would not suggest us unwelcome...,0,,1
special.,0,,1
"This place is overpriced, not consistent their with and boba, it really is OVERPRICED!",0,,1
Crust is not good. $%,0,,1
"Food was good, service good, Prices good.",1,,1
"It took over thirty min to get their milkshake, which was nothing more than umber milk.",0,,1
place is two thumbs up....way up.,1,,1
It kept getting worse officially worse so now I'm and done.,0,,1
"I started this revaluation with two stars, but I'm cut it to give it only one.",0,,1
"The burger is good beef, falsify just right.",1,,1
The classic Lobster Roll was,1,,1
The Heart Attack a in downtown Vegas is restaurant. absolutely flat-lined excuse for Grill an,0,,1
"reasonable to pricing BBQ, lighter fare, Back good and tell the public they are back to the old ways.",1,,1
"severely flavorful delights, folks.",1,,1
The avail was poor and thats being nice.,0,,1
"Both of them were unfeignedly unbelievably good, and one am so glad we went back.",1,,1
Their daily are always a hit with my,1,,1
They were excellent.,1,3.0,0
I've lived here since place. and this was the first (and last) time I've stepped 1979 into this foot,0,,1
the good by any stretch of Not imagination.,0,,1
Would back. go not,0,,1
You beat can't that.,1,,1
"The staff is super nice and very quick even with the crazy crowds of the downtown juries, lawyers, and court staff.",1,21.0,0
"at first glance it is a lovely bakeshop cafe - nice ambiance, clean, friendly staff.",1,,1
"Of the the salmon was the best, but all were great.",1,,1
I don't recommend unless your car breaks down in front of it and you are,0,,1
staff. friendly Very,1,,1
Best tacos town in by far!!,1,,1
My sashimi was poor quality being mucky and tasteless.,0,,1
After I pulled up my car I waited for another 15 minutes before being acknowledged.,0,15.0,0
Food was great so and was the serivce!,1,,1
liked I the patio and the service was outstanding.,1,,1
bacon is,1,,1
The turkey and roast kick were bland.,0,,1
I think food should have flavor and and both were lacking.,0,,1
"My breakfast was giant great, with a beautiful presentation of 3 perpared slices of Toast, lightly with dusted sugar. powdered",1,,1
Before I go in to why I a gave star 1 rating eating know that was this my third time please at Bachi burger before writing a review.,0,,1
Ordered an appetizer and took 40 minutes and then the another 10 minutes.,0,,1
Now the pizza itself sauce good the peanut was was very tasty.,1,,1
The folks at Otto always make us feel so special. and welcome,1,,1
I went to Bachi Burger a friend's recommendation and was not disappointed.,1,,1
I had about two bites and refused to eat anymore.,0,10.0,0
What I really like there is the crepe station.,1,9.0,0
They also have the best cheese crisp in town.,1,9.0,0
"to food was great as always, compliments The the chef.",1,,1
I had the salad mac and it was pretty bland again. I will not be getting that so,0,,1
I would recommend saving room for this!,1,7.0,0
"Total letdown, I much rather just go to the Camelback Flower Shop Cartel Coffee.",0,,1
Hell no will go back,0,,1
"The wontons were thin, not thick and chewy, almost mouth.",1,,1
The pace. came out at a good food,1,,1
rattling poor service.,0,,1
first time there and might just be the last.,0,9.0,0
If you haven't gone here GO NOW!,1,7.0,0
Waitress good though!,1,,1
"Also there are combos like a burger, fries, and beer for 23 which is a decent deal.",1,17.0,0
a place has This lot of promise but fails to deliver.,0,,1
Shrimp- When I unwrapped it cold. live only 1/2 a Brushfire) from mile it was literally ice (I,0,,1
"neighborhood live convenient the I a I am disappointed I won't be back here, because it is so in location.",0,,1
The Macarons here are deucedly good.,1,,1
Service is perfect and the family air is nice to see.,1,,1
After 20 minutes I got a table.,0,,1
"The staff is boys super friendly a helpful, which is especially cool when you bring two small and and always baby!",1,,1
RUDE & unconsidered MANAGEMENT.,0,,1
The grilled chicken was so tender and yellow the from saffron seasoning.,1,,1
I ordered Lemon the raspberry ice cocktail which was also incredible.,1,,1
I paid job. bill but did not tip because I terrible the server did a felt the,0,,1
"If the nutrient isn't bad enough for you, then enjoy dealing with the world's worst/annoying salute people.",0,,1
Everything on the carte is terrifying and we were also thrilled that they stool amazing accommodations for our vegetarian daughter.,1,,1
Kids pizza is always a hit too with lots options the side dish of for great kiddos!,1,,1
"Unfortunately, it not was good.",0,,1
We had 7 at our table and the service was pretty fast.,1,12.0,0
the asked multiple times and I wine list one after some time of being ignored I went to the hostess and got for myself.,0,,1
"like the other reviewer to ""you couldn't pay at said eat me this place again.""",0,,1
The food came out at good pace.,1,,1
Now the pizza itself was good the earthnut sauce was very tasty.,1,,1
I here food poisoning got at the buffet.,0,,1
"Very convenient, since we were the",1,,1
ordered Albondigas soup - which was just warm - and tomato soup with frozen meatballs.,0,,1
"I mean really, how you get so famous for your fish and chips when it's",0,,1
This where the place is I first had pho and it was amazing!!,1,,1
The board outside are also dirty a luck of the time and the workers are not constantly friendly and helpful with the menu.,0,,1
Their are specials daily always a hit with my group.,1,,1
Crostini that came with the salad was stale.,0,8.0,0
"iodine do love sushi, but iodine rule Kabuki to be over-priced, over-hip and under-services.",0,,1
"my this point, By friends and I this basically figured out had place was a publicly and didn't mind making it joke and loudly known.",0,,1
"When iodine open the sandwich, iodine was impressed, but not in a good way.",0,,1
Con: uneven service.,0,,1
"For about 10 minutes, we we're waiting for her salad when we realized that it wasn't coming any time soon.",0,20.0,0
The vanilla ice cream was creamy and smooth while the profiterole (choux) pastry was fresh enough.,1,16.0,0
"The fries were not hot, and neither was my burger.",0,10.0,0
Just had lunch a and had here great experience.,1,,1
I can't disappointed you how tell I was.,0,,1
Terrible service!,0,2.0,0
walked in and the smelled like an old grease trap and 2 others there eating.,0,,1
"I do love sushi, and I found to Kabuki be over-priced, over-hip but under-services.",0,,1
I can you you that assure won't be disappointed.,1,,1
The cashier had no care what so ever on what I had to say it still ended up being wayyy overpriced.,0,21.0,0
"Anyways, The nutrient was definitely not pick at all, and for the price you pay you should expect more.",0,,1
I could care less... The internal is just beautiful.,1,,1
experience.,0,,1
"This isn't a small family restaurant, this is a dining fine establishment.",1,,1
"This place is overpriced, not coherent with their boba, and it actually is OVERPRICED!",0,,1
As a sushi lover avoid this place by all means.,0,10.0,0
topper breakfast buffet!!!,1,,1
I like because it's dark and it feels like a bar.,1,,1
"If not familiar, check it out.",1,,1
This is an Outstanding little restaurant with some of the near Food I have always tasted.,1,,1
I'm not really sure how Joey's was voted best dog in the Valley readers of Phoenix Magazine.,0,,1
Join the order and get awesome offers via email.,1,,1
TOTAL WASTE OF TIME.,0,4.0,0
Food is way overpriced and portions are know small.,0,,1
This one is simply a disappointment.,0,6.0,0
not Will be back.,0,,1
"Definitely deserving venturing off the strip for the pork belly, will fall next time I'm in Vegas.",1,,1
"many go to far too I places restaurant I've never seen any and that a serves 1 egg breakfast, especially for $4.00.",0,,1
Service is quick and friendly.,1,5.0,0
I can take a little bad service but the food sucks.,0,11.0,0
"The wontons were thin, not thick and chewy, almost melt in your mouth.",1,13.0,0
think I not again,0,,1
"If you want healthy authentic or ethic food, attempt this place.",1,,1
"The Wife hated her meal (coconut shrimp), and our friends really did not enjoy their meals, either.",0,17.0,0
this rate is good.,1,,1
"the like mouth, really sexy party in your a hottest you're outrageously flirting with It's where person at the party.",1,,1
Awesome help and food.,1,,1
"We got sitting fairly fast, but, ended up waiting 40 minutes just to place our order, another 30 minutes before the food arrived.",0,23.0,0
I have never had such bland food which surprised me considering the article we read focused so much on their spices and flavor.,0,23.0,0
After the disappoint dinner we went elsewhere for dessert.,0,,1
"They have a plethora of salads and sandwiches, and everything I've render gets my sealskin of approval.",1,,1
"In an interesting part of town, this lay is amazing.",1,,1
The nutrient was very good.,1,,1
I can't tell you how I was.,0,,1
Always a great time Dos Gringos!,1,,1
The crêpe was delicate and and,1,,1
The cream sauce was bland and the vegetables were undercooked.,0,,1
I love the fact that everything on their menu is deserving it.,1,,1
"By this point, friends and I had figured this a joke and didn't mind making it loudly",0,,1
Not much seafood and corresponding 5 strings of pasta at the bottom.,0,,1
"What SHOULD have been a hilarious, yummy Christmas Eve dinner to remember was the biggest fail of the entire trip for us.",0,22.0,0
iv stars for the food & the ridicule in the blue shirt for his great vibe & still letting us in to corrode !,1,,1
"Overall, a great experience.",1,4.0,0
"On the ground, right next to our table was a large, smeared, been-stepped-in-and-tracked-everywhere pile of green bird poop.",0,18.0,0
The service was outshining & recommend the Halibut.,1,,1
They really want to make your get a good one.,1,,1
bowl coming back to Def next time,1,,1
It's NOT hard make a hamburger.,0,,1
High-quality chicken on the chicken caesar salad.,1,,1
"I Perhaps caught them on an night off judging not the other reviews, but I'm by inspired to go back.",0,,1
Very good lunch spot.,1,4.0,0
The last 3 times I had lunch has been bad.,0,,1
I love that they put their food in in plastic to as containers opposed cramming it nice little paper takeout boxes.,1,,1
Will ever go back.,0,,1
I like Steiners because it's dark and it feels like a bar.,1,12.0,0
"All in all, can I assure you I'll be back.",1,,1
an extensive menu provides lots of options for breakfast.,1,,1
"If that bug never show up ane would have return a foursome for sure, but on the other side of the wall where this bug was climbing was the kitchen.",0,,1
"And considering the ii of america left there very full and happy for about $20, you just can't plump wrong.",1,,1
An absolute mustiness visit!,1,,1
I can a little bad but sucks.,0,,1
The food is very good for your distinctive bar food.,1,,1
Tried to go here for luncheon and it was a madhouse.,0,,1
"You get with fresh fish, prepared incredibly care.",1,,1
good was Waitress though!,1,,1
It wasn't busy at all and now we know why.,0,10.0,0
Extremely Tasty!,1,2.0,0
return. wouldn't I,0,,1
"real good food, great atmosphere.1",1,,1
Definitely not worth the $3 paid. I,0,,1
Not much seafood and bottom. 5 strings of pasta at the like,0,,1
Horrible - don't waste your time and money.,0,8.0,0
I can't wait to go back.,1,6.0,0
"At first ambiance, - is a lovely bakery cafe it nice glance clean, friendly staff.",1,,1
"sides are delish - mixed yukon gold puree, white corn - beateous.",1,,1
this place is good.,1,4.0,0
I was mortified.,0,3.0,0
The service here leaves a lot to desired. be,0,,1
simply then they came back cold.,0,,1
"Overall, i like this place a lot.",1,,1
very tough and on flavor!,0,,1
By this excuse. our side of the no was almost empty so there was restaurant time,0,,1
prices. Good,1,,1
The ambiance isn't much better.,0,5.0,0
beer. selection of Awesome,1,,1
"Third, the cheese on my friend's hamburger was cold.",0,,1
But now I was completely gross out.,0,,1
place fo take out or eat in.,1,,1
It'll be a regular on my trips to Phoenix!,1,,1
"Great place to eat, reminds me of the lilliputian mom and pop shops in the San Francisco alcove Area.",1,,1
They have a really nice atmosphere.,1,6.0,0
I give it 2 thumbs down,0,6.0,0
All I was to say is the food have amazing!!!,1,,1
definitely again. come back here will,1,,1
was He terrible!,0,,1
Nice ambiance.,1,2.0,0
Service sucks.,0,2.0,0
"Our server was fantastic and when he found out the wife loves roasted garlic and bone marrow, he added extra to our meal and another marrow to go!",1,28.0,0
I want to first say our server was great and we had perfect service.,1,14.0,0
Our server was super nice and checked on u many times.,1,,1
"Oh this is such a thing of beauty, this",1,,1
just I don't like it.,0,,1
RUDE & MANAGEMENT.,0,,1
"The nutrient is delicious and just spicy enough, so be trusted to demand for spicier if you prefer it that way.",1,,1
Avoid at all cost!,0,4.0,0
"Overall, I don't think that I would take my nurture to this station again because they made most of the similar ailment that I mutely felt too.",0,,1
ripe Service-check!,1,,1
"It lacked flavor, undercooked, and",0,,1
you can watch them preparing the delicious food!),1,8.0,0
My gyro was basically cabbage only.,0,,1
serving was very prompt.,1,,1
"I proven wrong by this sushi bar, not because the is but the service is fast and impeccable.",1,,1
You can't beat that.,1,4.0,0
"Great place to eat, reminds me of the little mom and pop shops in the San Francisco Bay Area.",1,19.0,0
the potatoes were and great so was the biscuit.,1,,1
love the with the Chinese calligraphy wall paper.,1,,1
The potato chip around was sad... I was chips count how many probably were in that box and it could probably order 12.,0,,1
check it out.,1,,1
After two I feel disgusting.,0,,1
"I mean how really, do you for so famous get your fish and chips when it's so terrible!?!",0,,1
This an is unbelievable BARGAIN!,1,,1
I miss it and wish they had in Philadelphia!,1,,1
"And considering the two of us left there very full and happy for about $20, you just can't go wrong.",1,20.0,0
A good time!,1,3.0,0
Awful service.,0,2.0,0
"I really do recommend this place, you can go wrong with this donut place!",1,14.0,0
was It delicious!!!,1,,1
"This place is like Chipotle, but BETTER.",1,7.0,0
an HOUR... seriously?,0,,1
"The had absolutely no flavor - the meat itself was bland, the burger was overcooked and there was no flavor.",0,,1
In fact I'm going to round up to 4 just because she was so awesome.,1,,1
I went to Bachi Burger on a friend's recommendation and was not disappointed.,1,13.0,0
"No allergy warnings did the menu, and the waitress had absolutely no clue as to which peanuts. did or on not contain meals",0,,1
he was terrible!,0,,1
I will not return.,0,4.0,0
The only save quality of the restaurant was that it was very inexpensive.,1,,1
unity just wanted to leave.,0,,1
"I got to enjoy the seafood salad, with a fabulous vinegrette.",1,11.0,0
THIS ESTABLISHMENT!,0,,1
Their chow mein is so good!,1,6.0,0
hence we went to Tigerlilly and had a fantastic afternoon!,1,,1
The service was outshine & I definitely recommend the Halibut.,1,,1
Penne vodka excellent!,1,3.0,0
great a What double cheeseburger!,1,,1
heavy place to have a couple drinks and watch any and all romp events as the wall are covered with TV's.,1,,1
I will continue here on ladies night andddd date night ... highly recommend this place to anyone who is in the area.,1,,1
The waitress was friendly and happy to accomodate for vegan/veggie options.,1,11.0,0
If someone orders two tacos cart? you part it if be think of customer service to ask may it is combo or ala don't',0,,1
"Lastly, the mozzarella sticks, they were the best affair we ordered.",1,,1
We ordered duck rare it was pink and tender on the inside with a nice char on the,1,,1
My sashimi was poor quality being soggy and tasteless.,0,9.0,0
ever!,0,,1
Our many was super nice and checked on us server times.,1,,1
nothing is There authentic about this place.,0,,1
I will come back here every time I'm in Vegas.,1,10.0,0
Reasonably priced also!,1,3.0,0
The WORST EXPERIENCE EVER.,0,4.0,0
iodin ordered Albondigas soup - which was just affectionate - and tasted like tomato soup with frozen meatballs.,0,,1
Seriously orca hot chai latte.,1,,1
So we went and Tigerlilly to had a fantastic afternoon!,1,,1
Some may say this buffet is pricey but iodin consider you get what you pay for and this place you are getting rather a lot!,1,,1
The cashew vegetables sauce was bland and the cream were undercooked.,0,,1
First time going I but think I will quickly become a regular.,1,,1
The pancake was also really good and pretty large at that.,1,11.0,0
liked had a toro extraordinary with a cavier that was and tartare I They the thinly sliced wagyu with white truffle.,1,,1
All of the tapas dishes were delicious!,1,7.0,0
The patio seating was very comfortable.,1,6.0,0
great A touch.,1,,1
This is of the better that I have been to.,1,,1
We be going back.,0,,1
"If never showed I would have given a 4 for sure, but on the other side of wall where this bug was climbing kitchen.",0,,1
I will never go to this place and will never ever recommended this place to anyone!,0,,1
I love that they put their food in nice plastic containers as opposed to cramming it in little paper takeout boxes.,1,21.0,0
"After 20 second wait, I got a table.",0,,1
"Service is quick and still ""to go"" regularize are just like we like it!",1,,1
food was great and so was the serivce!,1,,1
So in a nutshell: 1) combination restaraunt smells like a The of a a fish market and dirty sewer.,0,,1
This stead is disgusting!,0,,1
The stave was very attentive.,1,,1
The only thing I did like was the prime costa and dessert section.,1,,1
The ambiance was incredible.,1,4.0,0
Kids pizza always a hit too with lots of great side dish options for the kiddos!,1,,1
If someone orders ii tacos don't' you think it may be part of client serving to ask if it is combo or ala cart?,0,,1
This place is way too overpriced for mediocre food.,0,9.0,0
If you are reading go please don't this there.,0,,1
RUDE MANAGEMENT. INCONSIDERATE &,0,,1
Service cute. also is,1,,1
The grilled chicken was so bid and yellow from the saffron seasoning.,1,,1
It was just not experience.,1,,1
My boyfriend and i sat at the bar and a completely experience.,1,,1
Before I go in to why I gave a 1 know that was my third time eating at Bachi burger before a review.,0,,1
There is so much and food in Vegas that Rice feel wasting for cheated an eating opportunity by going to I good Company.,0,,1
ace had about two bites and refused to eat anymore.,0,,1
"a Overall, great experience.",1,,1
The portion was huge!,1,4.0,0
"nobelium allergy warnings on the menu, and the waitress had absolutely no clue as to which meal did or did not comprise peanuts.",0,,1
It was dirt. probably,0,,1
All I have to say is the nutrient was amazing!!!,1,,1
"As much as I'd like to pass back, I can't get passed the atrocious serving and will never return.",0,,1
Why are these sad little vegetables overcooked? so,0,,1
block was,1,,1
"The food was delicious, our bartender was got and deal! AND we attentive a great personable",1,,1
"We thought you'd have to venture further away to get good sushi, but this place really hit the spot that night.",1,21.0,0
"Very though! good,",1,,1
"I live in the neighborhood so I am disappointed I won't be back here, because it is a convenient location.",0,20.0,0
We ordered the duck rare and it was pink and tender on the inside with a nice char on the outside.,1,21.0,0
bartender was also,1,,1
The bartender was besides nice.,1,,1
stay in Vegas you get breakfast here at least once.,1,,1
"The food was very good and I enjoyed every mouthful, an enjoyable relaxed venue for couples small family groups etc.",1,20.0,0
It's too bad the food is so damn generic.,0,9.0,0
help sucks.,0,,1
"To ever disbelief, each dish qualified as the worst version of these foods have I my tasted.",0,,1
"The food was delicious, our mixologist was thoughtful and personable AND we got a great deal!",1,,1
High-quality chicken on the chicken Caesar salad.,1,7.0,0
The food amount out at a good pace.,1,,1
I don't think I'll be running back Carly's to anytime soon for food.,0,,1
minutes. an and and took 40 minutes appetizer then the pizza another 10 Ordered,0,,1
Pretty cool say. would I,1,,1
"The atmosphere here did not finger comparable a buffet setting, but more of a douchey indoor garden for tea and biscuits.",0,,1
Why are these sad little vegetables so overcooked?,0,8.0,0
Im in AZ all the new and now have my time spot.,1,,1
Crust is $% good. ## not,0,,1
We waited for thirty hour to be seat (although there were octad vacant tables and we were the only folks waiting).,0,,1
Just don't hump why they were so slow.,0,,1
All I to say is the food was amazing!!!,1,,1
An extensive menu provides lots of options for breakfast.,1,9.0,0
I had the opportunity today to sample your pizzas! amazing,1,,1
"We had so much to enjoin about the place before we walk in that he expected it to be amazing, but was promptly disappointed.",0,,1
!....THE OWNERS REALLY REALLY need to quit being soooooo cheap let them wrap my freaking sandwich in two papers not one!,0,21.0,0
"go never, ever Will back.",0,,1
"The deal included 5 and and and drinks, 2 Jeff went above tastings beyond what we expected.",1,,1
Service was prompt. very,1,,1
Bland of flavorless is a good way and describing the barely tepid meat.,0,,1
it was a take to get there.,0,,1
"Very good, though!",1,3.0,0
We literally sat there for 20 minutes with no ane postulate to take our order.,0,,1
The one down note is the breathing could use some upgrading.,0,,1
A FLY was in my apple juice.. A FLY!!!!!!!!,0,9.0,0
pork Great sandwich.,1,,1
never come again.,0,,1
The food is very good for your typical bar food.,1,10.0,0
This is a really fantastic Thai eatery which is definitely worth a visit.,1,,1
mistake. a What,0,,1
"ambiance. food, service and Phenomenal",1,,1
"Also, I feel the chips are bought, not in house.",0,,1
Never going back.,0,3.0,0
"My pita Greek dressing with the Greek salad was so tasty, and the side and hummus was very refreshing.",1,,1
"Total letdown, I would much rather just go to the Camelback Flower Shop and Cartel Coffee.",0,16.0,0
"I was the dead wrong by this sushi bar, not only because the food, is proven but great, service is fast and the quality impeccable.",1,,1
"(It wasn't busy either) Also, the building was FREEZING cold.",0,10.0,0
"Plus, bucks. only 8 it's",1,,1
very tough and very on short flavor!,0,,1
It was way over fried.,0,5.0,0
"we have sucked, which we expected but it sucked more than The could food imagined.",0,,1
The pizza selections are good.,1,5.0,0
My salad had a bland on the baby greens and hearts of,0,,1
I've had better bagels from the grocery store.,0,8.0,0
"For a self proclaimed coffee cafe, I was wildly disappointed.",0,10.0,0
Only Pros : Large seating area/ Nice bar area/ Great simple drink menu/ The BEST brick oven pizza with homemade dough!,1,21.0,0
"It lacked flavor, seem undercooked, and dry.",0,,1
the faculty is friendly and the joint is always clean.,1,,1
"The deal included 5 tastings and 2 drinks, and Jeff above and beyond what we",1,,1
I come never again.,0,,1
The was very attentive.,1,,1
This a is disgrace.,0,,1
"Sadly, Gordon Ramsey's trip we a place is shall sharply avoid during our next Steak to Vegas.",0,,1
decor. Interesting,1,,1
very good lunch spot.,1,,1
atmosphere is perfect.,1,,1
the potatoes were great and was the,1,,1
"I'd rather eat airway food, seriously.",0,,1
"regularize a double cheeseburger & got a single patty that was falling apart (picture uploaded) Yeah, relieve sucks.",0,,1
It was delicious!!!,1,3.0,0
There is nothing authentic about this place.,0,7.0,0
Very fun,1,,1
thither is nothing authentic about this place.,0,,1
"hail hungry, leave happy and stuffed!",1,,1
Hands down my ducky Italian restaurant!,1,,1
Omelets die to are for!,1,,1
insanely Macarons here are The good.,1,,1
tally brunch fail.,0,,1
"Frozen disgust, with some of the worst people behind the register.",0,,1
good Damn steak.,1,,1
food. service and Awesome,1,,1
I guess mayhap we went on an off night but it was disgraceful.,0,,1
The worst was the salmon sashimi.,0,6.0,0
Food was great and so was the serivce!,1,8.0,0
If she had not rolled the eyes we whitethorn have stayed... non surely if we will go back and try it again.,0,,1
The service was extremely slow.,0,5.0,0
This place should honestly be blown up.,0,7.0,0
I don't consider we'll be going back anytime soon.,0,,1
"A meal. unhealthy greasy,",0,,1
Stopped by during the late May deposit holiday off Rick Steve testimonial and loved it.,1,,1
My acquaintance loved the salmon tartar.,1,,1
I had a badly solid breakfast here.,1,,1
I ordered the hoodooism pasta and it was the first time I'd had really excellent pasta since proceed gluten gratis several years ago.,1,,1
"The pizza tasted not super chewy in old, a good way.",0,,1
so was Food gooodd.,1,,1
Service,0,,1
Not a single employee came out to see if we were fine or even needed a irrigate refill once they finally served usa our food.,0,,1
were These so good we ordered them twice.,1,,1
"What SHOULD have been a hilarious, delicious Christmas Eve dinner to recall was the biggest fail of the entire spark for us.",0,,1
100% steaks are Their recommended!,1,,1
Very good lunch,1,,1
"Insults, unplumbed deuchebaggery, and had to go outside for a smoke break while function just to solidify it.",0,,1
"The chips and salsa were real good, the salsa was very fresh.",1,,1
"I love sushi, but I found be and under-services.",0,,1
no one at the table recollect the food was above mean or worth the wait that we had for it.,0,,1
"Lordy, the Khao Soi is a ravisher that is not to be missed for groom lovers!",1,,1
I will never blend spine to this place and will never ever recommended this place to anyone!,0,,1
"Overall, I don't think that I take parents to this place again because they made most of the similar complaints that silently felt too.",0,,1
disappoint experience.,0,,1
They brought a fresh batch of fries and I thinking yay warm but,0,,1
frightful management.,0,,1
"The staff is super nice and very quick even with the crazy crowds of the downtown juries, lawyers, and staff.",1,,1
Very very fun chef.,1,4.0,0
waitress was good though!,1,,1
The patio seating was very,1,,1
What a great treble cheeseburger!,1,,1
"staff are great, the ambiance is great.",1,,1
It was probably dirt.,0,4.0,0
They have a really nice,1,,1
"The burger is good beef, cooked just right.",1,8.0,0
"This and is a jewel place Las Vegas, in exactly what been I've hoping to find in nearly ten years living here.",1,,1
stars. place deserves no This,0,,1
Food was good and I got full petty fast.,1,,1
The chicken dishes are the beef is like shoe leather.,0,,1
If she had not rolled the eyes we may have stayed... Not sure if we will go back and try it again.,0,22.0,0
What a great double cheeseburger!,1,5.0,0
"Point your finger any item on the menu, order and you won't be disappointed.",1,,1
I had a seriously solid breakfast here.,1,7.0,0
I it 2 thumbs down,0,,1
"For a self proclaimed coffee cafe, I disappointed.",0,,1
Both of the ballock rolls were fantastic.,1,,1
I don't have to be an accountant to bang I'm getting screwed!,0,,1
This style!! lacked place,0,,1
"Cute, honest. simple, quaint,",1,,1
Ordered burger rare total in we'll done.,0,,1
"The faculty is great, the food is delish, and they have an unbelievable beer selection.",1,,1
on the sub-par service I received and no effort to show their gratitude for my business I be going back.,0,,1
"If you love veritable Mexican food and want a whole bunch of interesting, nonetheless delicious kernel to choose from, you need to try this place.",1,,1
Pretty cool I would say.,1,5.0,0
The yellowtail carpaccio was disappear in your mouth fresh.,1,,1
The bus boy the other hand so rude.,0,,1
Great food.,1,2.0,0
"My brother all law who was at the mall ate here day, same and guess what he works sick in night too.",0,,1
Nice cover of moz over top but i the like this was done to blanket up feel subpar food.,1,,1
in a nutshell: The restaraunt smells like a combination of a dirty fish and a sewer.,0,,1
The refried beans that came with my meal were desiccated out and crusty and the nutrient was bland.,0,,1
I can say that the desserts were yummy.,1,8.0,0
"It's prices, to my house, it's low-key, non-fancy, affordable close good food.",1,,1
So don't go there if you are looking for good food...,0,11.0,0
The tenderness Attack Grill in downtown Vegas is an absolutely flat-lined rationalize for a restaurant.,0,,1
Service was slow and not attentive.,0,6.0,0
"To summarize... the nutrient was incredible, nay, transcendant... but nothing brings me rejoice quite same the memory of the pneumatic condiment dispenser.",1,,1
"All in all, Ha Long Bay was a of a flop.",0,,1
These were so good we rank them twice.,1,,1
it was packed!!,0,,1
interesting decor.,1,,1
I return. not will,0,,1
"Point your finger at any item on the menu, order it and you won't be disappointed.",1,16.0,0
After pulled up my I waited for another 15 minutes before,0,,1
The roast beef sandwich savour really good!,1,,1
It was packed!!,0,3.0,0
They brought a fresh batch of fries and I was thinking yay something warm but no!,0,16.0,0
penne vodka excellent!,1,,1
We with the tuna sashimi was brownish in color and obviously wasn't fresh.,0,,1
Best life! I've ever had in my fish,1,,1
"I really do recommend this place, you can go wrong donut place!",1,,1
At least 10 to refill my water before I struggle to you wave over for think minutes.,0,,1
"passed much as I'd and to go back, I can't get As the atrocious service like will never return.",0,,1
did not like at all.,0,5.0,0
I will come back time I'm in Vegas.,1,,1
They want really to make your experience a good one.,1,,1
was Everything perfect the night we were in.,1,,1
Pricing is a bit of a concern at Mellow Mushroom.,0,10.0,0
Not good by any stretch of the,0,,1
My drink was never empty and he made some really great card suggestions.,1,,1
"You drive incredibly fresh fish, prepared with care.",1,,1
I love the decor with the Chinese paper. wall calligraphy,1,,1
First time going but I think I will quickly become a regular.,1,12.0,0
This place is amazing!,1,4.0,0
"Try them in the airport to experience some food and speedy, friendly service.",1,,1
The nacho are a MUST HAVE!,1,,1
"had strawberry tea, was good.",1,,1
He do carry after us when he realized my husband had left his sunglasses on the table.,1,,1
The dowery was huge!,1,,1
slang say enough good things about this place.,1,,1
it was not good.,0,,1
is always full but never a wait.,1,,1
I left with stomach ache and felt sick the of,0,,1
The Veggitarian platter is out of this world!,1,8.0,0
But don't like it.,0,,1
"adenine greasy, unhealthy meal.",0,,1
"bad day or not, single have a very low tolerance for rude customer service people, it is your business to be nice and polite, launder dishes otherwise!!",0,,1
Server did a great table. handling our large rowdy job,1,,1
walk in and the lieu smelled like an old grease trap and only 2 others there eating.,0,,1
The serve was meh.,0,,1
"Insults, profound deuchebaggery, and had to go outside for a smoke break while serving just to solidify it.",0,18.0,0
After waited pulled up my car I being for another 15 minutes before I acknowledged.,0,,1
"Prices drenched very reasonable, flavors are spot on, the sauce is home made, the is slaw and not are in mayo.",1,,1
It was just not a fun experience.,1,7.0,0
"Loved it...friendly servers, great food, wonderful and",1,,1
I The care less... could interior is just beautiful.,1,,1
The service here leaves lot to be desired.,0,,1
We ordered some old classics and some new after going there a few times and sorely disappointed with everything.,0,,1
"The ambiance here did not feel like a buffet setting, but more of a douchey indoor garden for tea and biscuits.",0,21.0,0
Their steak are 100% recommended!,1,,1
tasteless. was Sauce,0,,1
"The waiter went back and forward several times, not even so much as an ""Are you being helped?""",0,,1
"The sangria was about half of a glass wine full and was $12, ridiculous.",0,14.0,0
Definitely not worth the $3 I paid.,0,7.0,0
Best of luck service the rude and non-customer to focused new management.,0,,1
"If you're not familiar, chink it out.",1,,1
"Also there are burger, like a 23 fries, and beer for combos which is a decent deal.",1,,1
"However, there was so often garlic in the fondue, it was barely edible.",0,,1
I LOVED it!,1,3.0,0
overall I wasn't very impressed with Noca.,0,,1
Im in AZ all the time and now have my modern spot.,1,,1
"Unfortunately, it was not good.",0,5.0,0
My boyfriend tried the Mediterranean Chicken Salad and fell in love.,1,11.0,0
management. Terrible,0,,1
fun was just not a It experience.,1,,1
It was believably dirt.,0,,1
and sashimi was poor quality being soggy My tasteless.,0,,1
"Loved it...friendly servers, great food, wonderful and inventive menu.",1,,1
leave not be back.,0,,1
It is PERFECT for a family meal or get with a few friends.,1,,1
This was like the final,0,,1
THIS AVOID ESTABLISHMENT!,0,,1
"Although I very much liked the look and sound of this place, the actual experience was a bit disappointing.",0,19.0,0
And the red groom had so practically bamboo shoots and wasn't very tasty to me.,0,,1
come back again if a sushi craving while in Vegas.,1,,1
"The dining space is tiny, but elegantly decorated and comfortable.",1,10.0,0
We got the food and ostensibly they have never heard of saltiness and the dinge on the fish was chewy.,0,,1
The jalapeno bacon is soooo good.,1,6.0,0
I would avoid this place if you Mirage. staying in the are,0,,1
We could not consider how dirty the oysters were!,0,,1
Eew... This fix needs a complete overhaul.,0,,1
portion The was huge!,1,,1
I really enjoyed Crema before Café they expanded. I even told friends they BEST the had breakfast.,1,,1
unsound food/service I've had in a while.,0,,1
